Country,ISO3,Year,CH4_Emissions,CO2_Emissions,N2O_Emissions,GDP,Continent,Population_2020,Temp_Change,CO2_Scaled,Decade
Uruguay,URY,2012,0.87360914,0.0212081643333333,0.027893278,51264390116.4909,South America,3429086,0.938,0.021208,2010s
Niger,NER,2018,0.92871386,0.0182562303333333,0.039527985,12808660528.0617,Africa,24333639,1.081,0.018256,2010s
Cambodia,KHM,2010,0.87556647,0.0257919553333333,0.014912232,11242275198.9783,Asia,16396860,1.136,0.025792,2010s
Nicaragua,NIC,1977,0.21355833,0.0200050566666667,0.0066790649,2239857060.57143,North America,6755895,0.504,0.020005,1970s
Uruguay,URY,1987,0.76283742,-0.0028816803333333,0.023734176,7367494080.40014,South America,3429086,0.341,-0.002882,1980s
Bosnia and Herzegovina,BIH,2009,0.1540124,0.019914214,0.0045634499,17613836526.6393,Europe,3318407,1.398,0.019914,2000s
Pakistan,PAK,1967,1.8816666,0.0361050773333333,0.038870884,7464510709.7858,Asia,227196741,-0.32,0.036105,1960s
Jordan,JOR,1997,0.094952666,0.0140496303333333,0.0032915429,7246188575.45839,Asia,10928721,-0.153,0.01405,1990s
Syria,SYR,1984,0.49135622,0.0312490623333333,0.012822777,19195414012.7389,Asia,20772595,-0.009,0.031249,1980s
Tuvalu,TUV,1993,0.00027722844,7.328e-06,3.7863752e-06,9630762.95389637,Oceania,11069,0.037,7e-06,1990s
Lesotho,LSO,2014,0.060252289,0.0028518133333333,0.0023049952,2441053175.70743,Africa,2254100,0.69,0.002852,2010s
Burkina Faso,BFA,2002,0.43239209,0.026942433,0.020753676,3622350203.94595,Africa,21522626,1.014,0.026942,2000s
Maldives,MDV,1965,0.00051864308,0.0,4.3540985e-06,42463576.1589404,Asia,514438,0.32,0.0,1960s
Tunisia,TUN,1966,0.15460601,0.004164036,0.0062691149,1040952380.95238,Africa,12161723,0.596,0.004164,1960s
Azerbaijan,AZE,1993,0.3236974,0.0506289246666667,0.0076177125,1570000000.0,Asia,10284951,-1.002,0.050629,1990s
Spain,ESP,1989,1.4824966,0.216775760666667,0.081731595,414757056921.996,Europe,47363807,1.032,0.216776,1980s
Aruba,ABW,2014,0.0015090559,0.000872032,6.369046e-05,2790849162.01117,North America,106585,0.923,0.000872,2010s
Switzerland,CHE,1993,0.25162343,0.0430134166666667,0.0098287217,272466458446.129,Europe,8638613,0.566,0.043013,1990s
Romania,ROU,1983,1.6740958,0.205197185666667,0.073684865,38413636363.6364,Europe,19442038,0.852,0.205197,1980s
Libya,LBY,1970,3.0663934,0.0309616353333333,0.002320285,28901836158.1921,Africa,6653942,-0.261,0.030962,1970s
Iraq,IRQ,1994,1.2181879,0.0688785866666667,0.019163374,3991349282.75729,Asia,42556984,0.98,0.068879,1990s
Dominica,DMA,1978,0.0012562815,1.34346666666667e-05,5.3715331e-05,57130215.5555556,North America,71995,0.108,1.3e-05,1970s
Guatemala,GTM,2000,0.37647689,0.051571002,0.010510781,19288827158.9035,North America,17362718,0.255,0.051571,2000s
Ecuador,ECU,2004,0.80024225,0.0622990566666667,0.016835238,36591661000.0,South America,17588595,0.608,0.062299,2000s
Nauru,NRU,1970,7.4625153e-05,6.5952e-05,1.1632125e-06,47564520.3910861,Oceania,12315,-0.4336,6.6e-05,1970s
Romania,ROU,1982,1.652425,0.199237502666667,0.075321341,38413636363.6364,Europe,19442038,-0.052,0.199238,1980s
Sri Lanka,LKA,2018,0.44227417,0.0271744796666667,0.0078916805,87963042340.8379,Asia,21715079,0.616,0.027174,2010s
Bulgaria,BGR,2002,0.38301265,0.0397312776666667,0.014803035,16402846413.0958,Europe,6979175,0.873,0.039731,2000s
Costa Rica,CRI,1990,0.18026863,0.0070411216666666,0.0059857196,5711687786.75989,North America,5123105,0.473,0.007041,1990s
Norway,NOR,1973,0.27602504,0.0306505203333333,0.030823869,22534253702.8686,Europe,5379839,0.925,0.030651,1970s
Maldives,MDV,2019,0.006275448,0.001952912,0.00019053742,5607762625.14627,Asia,514438,0.859,0.001953,2010s
Chile,CHL,2010,0.84882625,0.086186795,0.02718027,218537551220.123,South America,19300315,-0.253,0.086187,2010s
Rwanda,RWA,1978,0.068913634,0.012527216,0.00298062,905709147.27019,Africa,13146362,0.33,0.012527,1970s
Qatar,QAT,1975,0.34311109,0.010947378,0.00042798302,2512784033.37828,Asia,2760385,-0.233,0.010947,1970s
El Salvador,SLV,2005,0.16358947,0.005491627,0.0049423636,14698000000.0,North America,6292731,0.494,0.005492,2000s
Ecuador,ECU,1961,0.18510503,0.0580454183333333,0.0050740252,1753850416.70826,South America,17588595,-0.2,0.058045,1960s
Andorra,AND,2014,0.0034062685,0.000461664,0.00016601492,3271808157.30038,Europe,77700,1.921,0.000462,2010s
Belgium,BEL,2003,0.70308439,0.129613533333333,0.031879048,317381715575.621,Europe,11561717,1.52,0.129614,2000s
Belize,BLZ,2015,0.016001243,0.00701656,0.00081800684,1721700991.46912,North America,394921,1.267,0.007017,2010s
Hungary,HUN,1979,0.58673794,0.0827511726666667,0.048601928,34753569692.915,Europe,9750573,0.054,0.082751,1970s
Cambodia,KHM,1980,0.36414937,0.0018735253333333,0.0055974602,2533727592.04165,Asia,16396860,0.369,0.001874,1980s
Colombia,COL,1969,1.6744061,0.123707744666667,0.041563643,6450175213.74923,South America,50930662,0.331,0.123708,1960s
Uzbekistan,UZB,2004,1.9665705,0.126510537,0.028619358,12030023547.8807,Asia,33526656,1.948,0.126511,2000s
South Sudan,SSD,2015,1.1855107,0.010742848,0.074973627,11997800760.2242,Africa,10606227,1.25,0.010743,2010s
Maldives,MDV,2004,0.0031563118,0.000666848,6.5331499e-05,1226829562.5,Asia,514438,0.448,0.000667,2000s
Morocco,MAR,1995,0.65085756,0.0433818433333333,0.019018623,39030285468.3841,Africa,36688772,1.048,0.043382,1990s
Bhutan,BTN,1961,0.018672682,0.0054349333333333,0.00023083204,128717410.9125,Asia,772506,0.298,0.005435,1960s
Rwanda,RWA,1982,0.072270799,0.0115147306666667,0.0031098587,1407242640.23211,Africa,13146362,0.667,0.011515,1980s
Malawi,MWI,1987,0.10995701,0.0105922853333333,0.0049807251,1183094127.76747,Africa,19377061,0.614,0.010592,1980s
Chile,CHL,2017,0.8483331,0.096422272,0.025551219,277034675515.684,South America,19300315,0.566,0.096422,2010s
Antigua and Barbuda,ATG,1979,0.0027445134,0.000351744,6.1744292e-05,109079978.888889,North America,92664,0.155,0.000352,1970s
Grenada,GRD,1970,0.0015971995,4.3968e-05,2.6783436e-05,71494495.1851852,North America,123663,0.195,4.4e-05,1970s
Ecuador,ECU,1997,0.82276717,0.0606844203333333,0.017095774,28162053026.5133,South America,17588595,1.074,0.060684,1990s
Malaysia,MYS,1996,1.3520223,0.207069355333333,0.024809734,100855393910.486,Asia,33199993,0.463,0.207069,1990s
Malta,MLT,1979,0.00350965,0.0008195146666666,0.0001392438,1001300838.32335,Europe,515357,0.046,0.00082,1970s
Croatia,HRV,2005,0.17664422,0.0151243476666667,0.0091060837,45780237257.1867,Europe,4096868,0.271,0.015124,2000s
Morocco,MAR,1972,0.48847542,0.018763146,0.018558802,5074117544.77482,Africa,36688772,-1.39,0.018763,1970s
Central African Republic,CAF,1975,0.18405188,0.009885472,0.013915138,378660016.265936,Africa,5343020,-0.098,0.009885,1970s
Papua New Guinea,PNG,1969,0.025070716,0.022027968,0.009284313,551237316.608803,Oceania,9749640,0.174,0.022028,1960s
Antigua and Barbuda,ATG,2010,0.0023463509,0.000436016,8.241314e-05,1148700000.0,North America,92664,1.062,0.000436,2010s
Portugal,PRT,1997,0.48285428,0.05425473,0.014231073,117016535162.95,Europe,10298192,1.569,0.054255,1990s
Luxembourg,LUX,2003,0.023055671,0.01038589,0.0012451021,29601904063.2054,Europe,630399,1.694,0.010386,2000s
Honduras,HND,1979,0.17413534,0.01467353,0.0047808982,3544281976.29198,North America,10121763,0.221,0.014674,1970s
Nigeria,NGA,1978,6.1456203,-0.011683473,0.04518993,36527862208.7133,Africa,208327405,0.025,-0.011683,1970s
Bosnia and Herzegovina,BIH,2010,0.1513998,0.0203518373333333,0.0044740075,17176781045.5967,Europe,3318407,0.97,0.020352,2010s
Rwanda,RWA,1987,0.08029193,0.0076340856666666,0.0031778986,2157434025.16467,Africa,13146362,0.609,0.007634,1980s
Andorra,AND,2020,0.0031164795,0.000448884,0.00015178439,5934073603.54849,Europe,77700,2.48,0.000449,2020s
Palau,PLW,2002,0.0012516741,0.000212512,0.0001248068,163184900.0,Oceania,17972,0.475,0.000213,2000s
Malta,MLT,2013,0.0055599405,0.0023547633333333,0.0002557952,10551661176.7831,Europe,515357,1.325,0.002355,2010s
Liberia,LBR,1979,0.027150409,0.0050440856666666,0.00092727742,874000000.0,Africa,5087584,0.474,0.005044,1970s
Barbados,BRB,2007,0.0074788012,0.0013505706666666,0.00022235977,4674000000.0,North America,280693,0.893,0.001351,2000s
Pakistan,PAK,1974,2.2164014,0.030913798,0.050885305,8899191919.19192,Asia,227196741,-0.211,0.030914,1970s
Gabon,GAB,1962,0.013530901,0.012765376,0.00060911349,182796536.499917,Africa,2292573,-0.034,0.012765,1960s
Liechtenstein,LIE,2013,0.00091463418,0.000174225,2.2745052e-05,6391735893.83968,Europe,38756,0.94,0.000174,2010s
Burkina Faso,BFA,1995,0.38557397,0.01388779,0.018561553,2379518099.2266,Africa,21522626,0.39,0.013888,1990s
Kiribati,KIR,2003,0.0007561492,4.7632e-05,1.7631374e-05,90231856.8000519,Oceania,126463,0.304,4.8e-05,2000s
Greece,GRC,1993,0.53656109,0.085347518,0.02416399,108809059155.767,Europe,10512232,-0.287,0.085348,1990s
Jordan,JOR,1968,0.025791165,0.001650532,0.0012669997,561187342.481098,Asia,10928721,-0.097,0.001651,1960s
Morocco,MAR,1978,0.52221472,0.022481433,0.018572248,13236854105.1672,Africa,36688772,0.219,0.022481,1970s
Singapore,SGP,1999,0.086247254,0.049493312,0.010016408,86284660766.9617,Asia,5909869,0.077,0.049493,1990s
Uzbekistan,UZB,1994,1.487531,0.113170644666667,0.022113982,12899156990.6156,Asia,33526656,-0.003,0.113171,1990s
Nicaragua,NIC,1989,0.22491417,0.0288261836666667,0.0064295013,1013184745.70715,North America,6755895,0.009,0.028826,1980s
Hungary,HUN,1991,0.51464326,0.063683928,0.026585954,34753569692.915,Europe,9750573,-0.038,0.063684,1990s
Hungary,HUN,2015,0.30011483,0.03862931,0.02395791,125210324613.14,Europe,9750573,2.069,0.038629,2010s
Gabon,GAB,1992,0.52342964,0.0072741063333333,0.0012720597,5592390848.52647,Africa,2292573,-0.243,0.007274,1990s
Syria,SYR,2004,0.78427944,0.05100761,0.020338469,112863340757.238,Asia,20772595,0.641,0.051008,2000s
Malawi,MWI,1984,0.094298819,0.009053416,0.0043024042,1208008985.42522,Africa,19377061,0.243,0.009053,1980s
Finland,FIN,1998,0.72022267,0.062465864,0.023193005,134038718291.055,Europe,5529468,0.072,0.062466,1990s
Mongolia,MNG,1974,0.31993918,0.0245034376666667,0.026382726,2310099100.0,Asia,3294335,0.198,0.024503,1970s
Aruba,ABW,1984,0.00079669613,0.000800142,7.2680025e-06,405463417.11746,North America,106585,0.311,0.0008,1980s
Qatar,QAT,2011,2.4420789,0.079684306,0.001645928,167775268626.374,Asia,2760385,1.419,0.079684,2010s
Togo,TGO,1976,0.057354962,0.001934592,0.0021352371,619375134.18051,Africa,8442580,-0.324,0.001935,1970s
Singapore,SGP,1969,0.033218061,0.00707152,0.0073257118,1659904612.57023,Asia,5909869,0.224,0.007072,1960s
Mexico,MEX,1963,2.101733,0.115866114,0.060514785,16960000000.0,North America,125998302,0.217,0.115866,1960s
Marshall Islands,MHL,2012,0.0,0.000135568,0.0,180436300.0,Oceania,43413,0.85,0.000136,2010s
Pakistan,PAK,2007,5.8988173,0.154535073333333,0.1626321,152385716311.916,Asia,227196741,0.628,0.154535,2000s
Ecuador,ECU,2007,0.79645743,0.053214636,0.01555984,51007777000.0,South America,17588595,0.559,0.053215,2000s
Georgia,GEO,1993,0.13556615,0.0063127666666666,0.007457493,2688016393.44262,Asia,3765912,-1.241,0.006313,1990s
Haiti,HTI,1961,0.11510536,0.0058536726666666,0.0032003207,271066000.0,North America,11306801,-0.047,0.005854,1960s
Sweden,SWE,1968,0.55367485,0.074051951,0.025523634,31066819929.2853,Europe,10368969,-0.929,0.074052,1960s
Liechtenstein,LIE,1979,0.0010396839,0.0,2.1855202e-05,503180669.994587,Europe,38756,-0.082,0.0,1970s
Sao Tome and Principe,STP,1975,0.00073970042,1.832e-05,1.5820392e-05,75951210.6852445,Africa,218641,-0.112,1.8e-05,1970s
Dominica,DMA,2000,0.0020153893,0.000249152,6.6423216e-05,333470370.37037,North America,71995,0.36,0.000249,2000s
Burundi,BDI,1962,0.045319468,0.0107306346666667,0.0029460607,213500006.0,Africa,12220227,-0.541,0.010731,1960s
Peru,PER,1989,0.90713253,0.0797754413333333,0.021693238,22499559086.0343,South America,33304756,0.047,0.079775,1980s
Zimbabwe,ZWE,1961,0.19683643,0.0165173696666667,0.010471624,1096646600.0,Africa,15669666,0.237,0.016517,1960s
Grenada,GRD,1975,0.0015249453,2.9312e-05,2.3743302e-05,71494495.1851852,North America,123663,-0.397,2.9e-05,1970s
Antigua and Barbuda,ATG,1980,0.0028954465,8.7936e-05,6.6834991e-05,131431026.666667,North America,92664,0.658,8.8e-05,1980s
Iraq,IRQ,2005,2.4036203,0.115060367666667,0.018336823,49954890353.2609,Asia,42556984,0.485,0.11506,2000s
Uruguay,URY,1992,0.76703047,0.000343048,0.024203929,12878199880.9839,South America,3429086,0.19,0.000343,1990s
Bulgaria,BGR,1981,0.64459774,0.0803310666666667,0.034491083,19870000000.0,Europe,6979175,-0.023,0.080331,1980s
Syria,SYR,1997,1.1914226,0.0438146603333333,0.017583777,66420400890.8686,Asia,20772595,-0.115,0.043815,1990s
Greece,GRC,2002,0.55680889,0.102667763333333,0.02283761,153830946734.425,Europe,10512232,0.503,0.102668,2000s
Sweden,SWE,1981,0.54602369,0.0621948506666667,0.025789428,129686938223.328,Europe,10368969,-0.226,0.062195,1980s
United Arab Emirates,ARE,1983,0.47729464,0.0344387996666667,0.001805666,42803323345.1376,Asia,9287289,-0.738,0.034439,1980s
Sao Tome and Principe,STP,1989,0.0010922787,0.000194192,2.2421387e-05,75951210.6852445,Africa,218641,-0.15,0.000194,1980s
Tuvalu,TUV,2020,0.00035779959,7.734e-06,4.6435297e-06,48855550.2030142,Oceania,11069,1.151,8e-06,2020s
Dominican Republic,DOM,1971,0.17550865,0.014180937,0.0043692013,1666500000.0,North America,10999664,-0.304,0.014181,1970s
Togo,TGO,2019,0.20009378,0.0030599583333333,0.0062741219,7220395247.7424,Africa,8442580,1.242,0.00306,2010s
Brunei Darussalam,BRN,1983,0.16761617,0.003392864,0.00026296295,3844723142.45149,Asia,441725,0.699,0.003393,1980s
Norway,NOR,2004,0.9003869,0.0460412933333333,0.017516274,264511630666.983,Europe,5379839,1.313,0.046041,2000s
Barbados,BRB,1969,0.0079878135,0.0005044106666666,0.00017415015,311809337.474355,North America,280693,0.249,0.000504,1960s
Ireland,IRL,2004,0.78018797,0.0381548383333333,0.033444212,194015335237.149,Europe,4946119,0.863,0.038155,2000s
Uruguay,URY,1979,0.73926421,-0.0014198346666666,0.022648599,7181185277.98651,South America,3429086,0.121,-0.00142,1970s
Ghana,GHA,1979,0.21480399,0.013751144,0.0091554969,4020227920.22792,Africa,32180401,0.59,0.013751,1970s
Finland,FIN,1997,0.7541468,0.063319052,0.024270828,126912152101.707,Europe,5529468,0.782,0.063319,1990s
Switzerland,CHE,1979,0.28633594,0.0393275773333333,0.011116224,122660905890.076,Europe,8638613,-0.07,0.039328,1970s
Chad,TCD,1996,0.7179472,0.0137485493333333,0.036010503,1607345450.04578,Africa,16644701,0.568,0.013749,1990s
Zambia,ZMB,1973,0.31708897,0.0385631583333333,0.033166837,2268714285.71429,Africa,18927715,0.396,0.038563,1970s
Albania,ALB,1994,0.14773071,0.001227646,0.004605091,1880951520.3972,Europe,2866849,1.402,0.001228,1990s
Grenada,GRD,2002,0.0017741421,0.000168544,3.917055e-05,540336925.925926,North America,123663,0.952,0.000169,2000s
Morocco,MAR,2006,0.83817029,0.0437334693333333,0.028619441,68640825480.9223,Africa,36688772,1.359,0.043733,2000s
Albania,ALB,2002,0.12457856,0.0028200586666666,0.0045401609,4348068242.19512,Europe,2866849,0.548,0.00282,2000s
Belarus,BLR,1993,0.64515097,0.0819297083333333,0.045312764,17793000000.0,Europe,9633740,0.002,0.08193,1990s
Iceland,ISL,1968,0.020745333,0.002546065,0.0014234404,474399471.622359,Europe,366669,-0.647,0.002546,1960s
Bahrain,BHR,2004,0.63405225,0.017883505,0.000611694,13150159574.4681,Asia,1477469,1.323,0.017884,2000s
Iceland,ISL,1989,0.020820352,0.0021285103333333,0.0015704172,5672569396.47767,Europe,366669,-0.3,0.002129,1980s
Papua New Guinea,PNG,1984,0.044612887,0.0247735253333333,0.0097304464,2552526263.0759,Oceania,9749640,0.224,0.024774,1980s
Papua New Guinea,PNG,2012,0.099748148,0.040279643,0.012355156,21295659243.6168,Oceania,9749640,0.055,0.04028,2010s
Vanuatu,VUT,2007,0.015981667,0.000868368,0.00047812582,516392922.513728,Oceania,311685,0.716,0.000868,2000s
Bosnia and Herzegovina,BIH,2005,0.14277142,0.015533024,0.0035396028,11222953335.3385,Europe,3318407,0.151,0.015533,2000s
Lebanon,LBN,2003,0.088062142,0.0184068946666667,0.0029438943,20082918739.6352,Asia,5662923,0.643,0.018407,2000s
Iraq,IRQ,1968,2.1071622,0.021381121,0.011829835,2896947633.71605,Asia,42556984,-0.242,0.021381,1960s
Bhutan,BTN,2011,0.038061825,0.00455127,0.00064382287,1777101316.67756,Asia,772506,0.574,0.004551,2010s
Iraq,IRQ,1992,0.97169174,0.065741065,0.015338482,553671957.671958,Asia,42556984,-1.193,0.065741,1990s
United Arab Emirates,ARE,1970,0.32183547,0.015015072,0.000609037,14720672506.5004,Asia,9287289,0.237,0.015015,1970s
Lesotho,LSO,1973,0.044087854,0.0008671466666666,0.0021313528,121181556.195965,Africa,2254100,0.104,0.000867,1970s
Qatar,QAT,1964,0.052715777,0.006269104,0.00034834648,301791301.791302,Asia,2760385,-0.507,0.006269,1960s
Mauritius,MUS,2016,0.022888826,0.004510384,0.0011328057,12232463655.5727,Africa,1297828,0.908,0.00451,2010s
Zimbabwe,ZWE,2008,0.43496441,0.027505694,0.018941185,4415702800.0,Africa,15669666,0.235,0.027506,2000s
Malta,MLT,2002,0.0061987967,0.002651144,0.00021640745,4470446391.44639,Europe,515357,0.846,0.002651,2000s
Nicaragua,NIC,2018,0.39995401,0.0234337206666667,0.011332376,13025239912.2751,North America,6755895,0.985,0.023434,2010s
Romania,ROU,2006,0.91126805,0.0883899503333333,0.034438564,122022997508.01,Europe,19442038,0.535,0.08839,2000s
Nepal,NPL,2007,0.91766167,0.0104723676666667,0.017911398,10325618017.379,Asia,29348627,0.622,0.010472,2000s
Oman,OMN,1979,0.24332337,0.0077408106666666,0.0011474261,3733352634.62652,Asia,4543399,0.329,0.007741,1970s
Norway,NOR,2011,0.81858826,0.04592684,0.014392332,498283438454.281,Europe,5379839,1.413,0.045927,2010s
Iceland,ISL,2018,0.022248415,0.0037932996666666,0.0013234165,26267063757.5495,Europe,366669,0.746,0.003793,2010s
Jamaica,JAM,1993,0.050856975,0.010052798,0.0019409454,5440064773.17365,North America,2820436,0.355,0.010053,1990s
Samoa,WSM,1984,0.0047165848,0.0004445653333333,0.0001081608,109200934.328518,Oceania,214929,0.137,0.000445,1980s
Grenada,GRD,1986,0.0016315582,-2.5648e-05,2.9333135e-05,187589522.592593,North America,123663,0.023,-2.6e-05,1980s
Fiji,FJI,1965,0.01514157,0.0010282136666666,0.00063764898,147084750.031482,Oceania,920422,-0.679,0.001028,1960s
Kuwait,KWT,1979,1.0691491,0.017627685,0.0012631171,24746019536.903,Asia,4360444,1.28,0.017628,1970s
Hungary,HUN,1986,0.55101065,0.0801874586666667,0.044635823,34753569692.915,Europe,9750573,0.369,0.080187,1980s
Morocco,MAR,1990,0.63504278,0.0427553313333333,0.021887133,30180108561.9305,Africa,36688772,1.27,0.042755,1990s
Madagascar,MDG,1991,0.72799922,0.0433782633333333,0.027731523,3254713056.02171,Africa,28225177,0.476,0.043378,1990s
Turks and Caicos Islands,TCA,1985,0.00013521568,0.0,1.161614e-07,358744800.0,North America,44276,0.194,0.0,1980s
Iraq,IRQ,1967,1.5934267,0.020424818,0.010861465,2896947633.71605,Asia,42556984,-0.812,0.020425,1960s
United Arab Emirates,ARE,1991,0.9376651,0.055903983,0.003035224,51552165622.4462,Asia,9287289,-0.274,0.055904,1990s
Cyprus,CYP,1995,0.02007547,0.0045306403333333,0.001309632,9933133247.08926,Europe,1237537,0.11,0.004531,1990s
Austria,AUT,2001,0.45571489,0.0622474813333333,0.016694152,197337879194.631,Europe,8907777,1.501,0.062247,2000s
Morocco,MAR,2007,0.85203495,0.046347915,0.02671201,79041294874.4553,Africa,36688772,0.896,0.046348,2000s
Madagascar,MDG,1980,0.6899401,0.0514077,0.026843705,5201818349.00282,Africa,28225177,0.381,0.051408,1980s
Dominica,DMA,1970,0.00091940834,5.00746666666667e-05,1.659065e-05,45872947.4074074,North America,71995,0.096,5e-05,1970s
Syria,SYR,2013,0.50253535,0.0338914696666667,0.015968506,20345458470.8427,Asia,20772595,1.286,0.033891,2010s
Aruba,ABW,1988,0.00079066007,0.000611888,1.7023844e-05,596423607.114715,North America,106585,0.506,0.000612,1980s
Brunei Darussalam,BRN,2017,0.20143066,0.0100543963333333,0.00048448713,12128104859.1498,Asia,441725,1.223,0.010054,2010s
Mongolia,MNG,2018,1.2500433,0.0354716923333333,0.044770213,13178094459.4548,Asia,3294335,2.234,0.035472,2010s
Mali,MLI,1987,0.35516226,0.0041802783333333,0.018241509,2090606071.4048,Africa,21224040,1.131,0.00418,1980s
Cambodia,KHM,1986,0.45059707,0.0695231786666667,0.0074381453,2533727592.04165,Asia,16396860,0.062,0.069523,1980s
Togo,TGO,2013,0.1772591,0.0054286853333333,0.0057448285,4321655656.33177,Africa,8442580,0.821,0.005429,2010s
Nicaragua,NIC,2006,0.30168336,0.0453693826666667,0.0086262941,6763418645.81377,North America,6755895,0.856,0.045369,2000s
Sao Tome and Principe,STP,1972,0.0006948894,2.9312e-05,1.4317071e-05,75951210.6852445,Africa,218641,-0.039,2.9e-05,1970s
Angola,AGO,1984,0.63357287,0.0184937936666667,0.025123917,6135166254.2408,Africa,33428485,0.68,0.018494,1980s
Uzbekistan,UZB,1998,1.6616343,0.122297259666667,0.03018435,14988971210.8383,Asia,33526656,0.512,0.122297,1990s
Zimbabwe,ZWE,2014,0.44977462,0.0225106813333333,0.017678455,19495519600.0,Africa,15669666,0.287,0.022511,2010s
Brunei Darussalam,BRN,2019,0.19980403,0.0112447356666667,0.00048967716,13469422958.5105,Asia,441725,1.348,0.011245,2010s
Iceland,ISL,2014,0.021204967,0.0035584853333333,0.0013056986,17867662177.8911,Europe,366669,1.582,0.003558,2010s
Thailand,THA,1982,2.8255804,0.191859328,0.039981874,36589797857.4006,Asia,71475664,0.1,0.191859,1980s
Turks and Caicos Islands,TCA,1982,0.00010744026,0.0,1.10289e-07,358744800.0,North America,44276,0.194,0.0,1980s
Maldives,MDV,1983,0.0013499115,5.1296e-05,1.1831383e-05,57829787.2340426,Asia,514438,0.384,5.1e-05,1980s
Rwanda,RWA,2000,0.093419124,0.0075378016666666,0.0034255938,2067528500.40621,Africa,13146362,0.5096666666666667,0.007538,2000s
Cambodia,KHM,1982,0.41676429,0.0028530346666666,0.0061745185,2533727592.04165,Asia,16396860,0.096,0.002853,1980s
Guatemala,GTM,1993,0.32703592,0.0496312713333333,0.0094164546,11399942453.0646,North America,17362718,0.357,0.049631,1990s
Grenada,GRD,1968,0.001572881,5.8624e-05,2.5192877e-05,71494495.1851852,North America,123663,-0.233,5.9e-05,1960s
Greece,GRC,1983,0.50438487,0.058050332,0.027511857,49428873839.0093,Europe,10512232,-0.46,0.05805,1980s
Maldives,MDV,2002,0.0027844796,0.000593568,5.8804411e-05,897031250.0,Asia,514438,0.683,0.000594,2000s
Madagascar,MDG,1981,0.68294105,0.04744742,0.02619914,4759333969.85141,Africa,28225177,0.183,0.047447,1980s
Niger,NER,1976,0.29727644,-0.0071903433333333,0.012438721,1064517574.56042,Africa,24333639,0.237,-0.00719,1970s
Equatorial Guinea,GNQ,1996,0.17202121,0.0048670133333333,9.4727054e-05,232463036.435759,Africa,1596049,0.51,0.004867,1990s
Denmark,DNK,2017,0.34710918,0.0351955233333333,0.01921485,332121063806.391,Europe,5825641,1.622,0.035196,2010s
Malawi,MWI,1976,0.080857203,0.0112928203333333,0.0037804103,670317634.173056,Africa,19377061,-0.079,0.011293,1970s
Mongolia,MNG,1961,0.30808123,0.0290066666666667,0.025997626,2310099100.0,Asia,3294335,0.148,0.029007,1960s
Vanuatu,VUT,1977,0.0090854887,0.0008818026666666,0.00028762966,119258835.335525,Oceania,311685,-0.057,0.000882,1970s
Ethiopia,ETH,1994,1.8806053,0.0079741076666666,0.076872103,6927950564.55657,Africa,117190911,0.516,0.007974,1990s
Bulgaria,BGR,1963,0.51528502,0.0397112876666667,0.019545208,19839230769.2308,Europe,6979175,-0.274,0.039711,1960s
Chile,CHL,1983,0.80473151,0.0304626873333333,0.013530044,20355959237.2128,South America,19300315,0.524,0.030463,1980s
Pakistan,PAK,1993,3.9671891,0.0854685743333333,0.10817308,51809949334.2396,Asia,227196741,0.404,0.085469,1990s
Ecuador,ECU,1976,0.39477793,0.062730836,0.009179575,9091924304.83477,South America,17588595,0.325,0.062731,1970s
Swaziland,SWZ,1980,0.042385771,0.0002943413333333,0.0013897391,542000513.610683,Africa,1180655,-0.019,0.000294,1980s
Cameroon,CMR,1972,0.20666015,0.037463717,0.01002466,1498252050.17228,Africa,26491087,0.022,0.037464,1970s
Kenya,KEN,1989,0.98546702,0.0791501323333333,0.03509142,8283114648.36775,Africa,51985780,-0.173,0.07915,1980s
Pakistan,PAK,2016,7.296031,0.210447491,0.20567679,278654637737.69,Asia,227196741,1.254,0.210447,2010s
Turkmenistan,TKM,2002,1.2203079,0.0353969226666667,0.009719296,4461978498.86577,Asia,6250438,1.83,0.035397,2000s
Guatemala,GTM,1975,0.21160575,0.0292652356666667,0.0054133987,3645900000.0,North America,17362718,0.204,0.029265,1970s
Mauritania,MRT,1970,0.1494528,-0.0022948853333333,0.0061664738,309405316.058955,Africa,4498604,0.649,-0.002295,1970s
Cambodia,KHM,1987,0.44930814,0.088701776,0.0087158296,2533727592.04165,Asia,16396860,0.613,0.088702,1980s
Panama,PAN,1969,0.093110168,0.0073150736666666,0.0031084059,1221305700.0,North America,4294396,0.173,0.007315,1960s
Eritrea,ERI,1999,0.1397893,0.0024596663333333,0.0053655943,688921325.712043,Africa,3555868,0.798,0.00246,1990s
Saudi Arabia,SAU,1977,1.8308323,0.119963541666667,0.0071459053,74188363505.8532,Asia,35997107,0.18,0.119964,1970s
Montenegro,MNE,2011,0.030165913,0.0013324746666666,0.00074548858,4544516982.18263,Europe,629048,0.99,0.001332,2010s
Albania,ALB,1966,0.10252202,0.0046991256666666,0.0026566183,1857338011.85488,Europe,2866849,0.557,0.004699,1960s
Portugal,PRT,1999,0.50109084,0.069977402,0.014450085,127427343916.471,Europe,10298192,0.568,0.069977,1990s
Guinea-Bissau,GNB,1976,0.031793816,0.001377664,0.0013759821,112386489.005677,Africa,2015828,-0.107,0.001378,1970s
Colombia,COL,1966,1.556387,0.171805129333333,0.037528606,5428518518.51852,South America,50930662,0.107,0.171805,1960s
Barbados,BRB,1965,0.0065349534,0.0002540373333333,0.00019334963,311809337.474355,North America,280693,-0.331,0.000254,1960s
Nigeria,NGA,1996,11.073067,0.166433126333333,0.084200761,51075815092.5,Africa,208327405,0.754,0.166433,1990s
Kiribati,KIR,1974,0.00036194614,3.2976e-05,8.9742987e-06,85637174.3722131,Oceania,126463,-0.131,3.3e-05,1970s
Spain,ESP,1974,1.2057216,0.170259666333333,0.070392927,97274006345.5437,Europe,47363807,-0.459,0.17026,1970s
Oman,OMN,1994,0.63235503,0.015090713,0.0018755751,12918855656.697,Asia,4543399,0.32,0.015091,1990s
Sri Lanka,LKA,2019,0.43818223,0.0280947263333333,0.0086022703,83990946939.4651,Asia,21715079,1.028,0.028095,2010s
Lebanon,LBN,1981,0.04902802,0.005734326,0.0018578055,3313540067.93246,Asia,5662923,-0.001,0.005734,1980s
Namibia,NAM,1982,0.15548051,0.0008915733333333,0.010093972,2118741468.84323,Africa,2489098,0.331,0.000892,1980s
Palau,PLW,1999,0.0036693135,0.000197856,0.00017152893,146297500.0,Oceania,17972,0.31,0.000198,1990s
Sweden,SWE,1982,0.53048368,0.0532921583333333,0.025497993,114380557730.876,Europe,10368969,-0.131,0.053292,1980s
Central African Republic,CAF,1966,0.19227323,0.009464112,0.015581882,157930041.875883,Africa,5343020,0.05,0.009464,1960s
Somalia,SOM,1988,0.76279362,0.0061210426666666,0.025690782,1038291284.49695,Africa,16537016,0.726,0.006121,1980s
Thailand,THA,2001,3.3695087,0.192548996666667,0.060802781,120296476180.402,Asia,71475664,0.579,0.192549,2000s
Georgia,GEO,2015,0.12232024,0.0035151666666666,0.0071365507,14953950557.4406,Asia,3765912,1.672,0.003515,2010s
Haiti,HTI,1972,0.14638766,0.001344361,0.0041924464,372000000.0,North America,11306801,0.162,0.001344,1970s
Andorra,AND,2003,0.0036976984,0.000553264,0.00018381049,2361726862.30248,Europe,77700,1.941,0.000553,2000s
Colombia,COL,2001,2.7834557,0.0951314746666667,0.063040158,98211749595.5442,South America,50930662,0.497,0.095131,2000s
Tuvalu,TUV,2016,0.000344773,7.328e-06,4.526e-06,36547799.583705,Oceania,11069,0.877,7e-06,2010s
Oman,OMN,2007,1.0139106,0.043932961,0.0029411316,42085379453.8362,Asia,4543399,0.919,0.043933,2000s
Eritrea,ERI,1995,0.11287162,0.0001510536666666,0.0038681809,578015625.0,Africa,3555868,0.08,0.000151,1990s
Suriname,SUR,1975,0.022795258,0.0034232783333333,0.00050385046,465500000.0,South America,607065,-0.2,0.003423,1970s
Chile,CHL,2009,0.92755127,0.0803488763333333,0.026653469,172389498444.68,South America,19300315,0.28,0.080349,2000s
Fiji,FJI,1992,0.033870903,0.0041866823333333,0.0012471591,1532401862.94079,Oceania,920422,0.251,0.004187,1990s
Central African Republic,CAF,2018,0.44744487,0.0073524266666666,0.029466012,2220978978.17342,Africa,5343020,0.925,0.007352,2010s
Botswana,BWA,2018,0.15615519,0.0154429256666667,0.0082780929,16914245098.0392,Africa,2546402,0.713,0.015443,2010s
New Zealand,NZL,1967,1.2136182,0.0401663553333333,0.048820825,5961418093.53003,Oceania,5061133,-0.155,0.040166,1960s
Myanmar,MMR,1991,1.7684235,0.100757096,0.038141395,2137184858.04416,Asia,53423198,0.526,0.100757,1990s
Guinea-Bissau,GNB,1975,0.029720197,0.0014204106666666,0.0013017792,108985740.155434,Africa,2015828,-0.227,0.00142,1970s
Afghanistan,AFG,1984,0.36210611,0.0057038866666666,0.010926673,4055179566.34981,Asia,38972230,0.15,0.005704,1980s
Haiti,HTI,2019,0.39289654,0.0055564383333333,0.0063085954,14785839382.9002,North America,11306801,1.435,0.005556,2010s
Bangladesh,BGD,1966,2.1079254,0.031279194,0.034597804,6439687598.32325,Asia,167420951,0.315,0.031279,1960s
Spain,ESP,1983,1.3722974,0.196168213666667,0.072961193,170951185614.849,Europe,47363807,0.542,0.196168,1980s
Panama,PAN,1968,0.090297845,0.0085645556666666,0.0029973031,1112791100.0,North America,4294396,-0.222,0.008565,1960s
Finland,FIN,2014,0.90747674,0.0585023376666667,0.024457436,274497230802.958,Europe,5529468,2.589,0.058502,2010s
Equatorial Guinea,GNQ,1980,0.003824987,0.000168544,5.6404093e-05,50642880.7737503,Africa,1596049,0.303,0.000169,1980s
Syria,SYR,2019,0.3443809,0.0268805166666667,0.014233147,22777882165.1115,Asia,20772595,1.505,0.026881,2010s
North Macedonia,MKD,2015,0.067250051,0.0064217706666666,0.0019568678,10064515432.0265,Europe,2111072,1.543,0.006422,2010s
Guinea-Bissau,GNB,1991,0.042219345,0.0018368853333333,0.0018324029,257150374.069711,Africa,2015828,0.831,0.001837,1990s
Lebanon,LBN,1994,0.069298064,0.0111230383333333,0.0021432231,9599127049.9375,Asia,5662923,1.08,0.011123,1990s
Singapore,SGP,2008,0.13590426,0.0602715786666667,0.0031859255,193611986712.842,Asia,5909869,0.077,0.060272,2000s
Costa Rica,CRI,1994,0.17203483,0.0109279033333333,0.0063447437,10486784804.7265,North America,5123105,0.29,0.010928,1990s
Bahrain,BHR,1965,0.44523135,0.00122744,4.5820292e-05,3072698328.46909,Asia,1477469,0.221,0.001227,1960s
Denmark,DNK,2010,0.36498225,0.0521104493333333,0.017764267,321995279401.502,Europe,5825641,-0.198,0.05211,2010s
Saudi Arabia,SAU,1967,0.44249477,0.025448837,0.0036597233,4187777711.11111,Asia,35997107,-0.72,0.025449,1960s
Sri Lanka,LKA,1996,0.39643322,0.0160084456666667,0.0077536592,13897738375.2488,Asia,21715079,0.371,0.016008,1990s
Haiti,HTI,1969,0.13704551,0.003319376,0.0037801924,391820400.0,North America,11306801,0.169,0.003319,1960s
Kazakhstan,KAZ,1996,1.4882452,0.182717083666667,0.037267941,21035368250.8881,Asia,18979243,-0.409,0.182717,1990s
Finland,FIN,2019,0.7555195,0.0560607743333333,0.02406107,268508200125.49,Europe,5529468,1.451,0.056061,2010s
Croatia,HRV,1998,0.15136953,0.019709582,0.0078654903,25792876643.5087,Europe,4096868,1.136,0.01971,1990s
Tuvalu,TUV,1974,0.0001440343,0.0,1.5550272e-06,8824447.74022325,Oceania,11069,0.011,0.0,1970s
Oman,OMN,1970,0.2247178,0.000234496,0.00048775269,256299496.040317,Asia,4543399,0.805,0.000234,1970s
Guatemala,GTM,1992,0.31435339,0.0450995823333333,0.0089289373,10440842165.3193,North America,17362718,0.459,0.0451,1990s
Solomon Islands,SLB,1974,0.0028597107,0.0003346453333333,7.9613514e-05,84539332.282562,Oceania,691191,0.072,0.000335,1970s
Latvia,LVA,1993,0.16343865,0.015109177,0.0073455044,5789128636.62293,Europe,1897052,0.392,0.015109,1990s
Antigua and Barbuda,ATG,1976,0.0023472562,0.00034808,4.9063895e-05,77496753.7037037,North America,92664,-0.45,0.000348,1970s
Malawi,MWI,2012,0.22051621,0.0165330673333333,0.010623995,6028487928.83351,Africa,19377061,0.782,0.016533,2010s
Sierra Leone,SLE,1983,0.096470314,0.0072718186666666,0.0034285663,995104305.347075,Africa,8233969,0.553,0.007272,1980s
Burundi,BDI,1986,0.065468844,0.005107616,0.0035285096,1201725497.06578,Africa,12220227,0.603,0.005108,1980s
Paraguay,PRY,2000,0.64955075,0.0704130653333333,0.019780486,8855705139.55857,South America,6618695,0.209,0.070413,2000s
Dominican Republic,DOM,1968,0.15850684,0.0147438503333333,0.003655811,1079100000.0,North America,10999664,-0.28,0.014744,1960s
Equatorial Guinea,GNQ,2020,0.36768337,0.007224156,0.00017047844,10021856754.4944,Africa,1596049,1.276,0.007224,2020s
Mali,MLI,1974,0.28232803,0.004774014,0.013823804,538747268.333356,Africa,21224040,-0.414,0.004774,1970s
Malta,MLT,1976,0.00367907,0.000688832,0.0001295352,527936988.791275,Europe,515357,-0.694,0.000689,1970s
Palau,PLW,2004,0.0015309982,0.000216176,0.00013022691,165186200.0,Oceania,17972,0.564,0.000216,2000s
British Virgin Islands,VGB,2003,0.00040937886,0.00014656,1.8596752e-05,114040245.655299,North America,30910,0.831,0.000147,2000s
Turks and Caicos Islands,TCA,1980,9.2518495e-05,0.0,1.0695867e-07,358744800.0,North America,44276,0.194,0.0,1980s
Uganda,UGA,1999,0.54823409,0.026536324,0.023655412,5998563257.94659,Africa,44404611,0.413,0.026536,1990s
Austria,AUT,1964,0.47464368,0.0310066206666667,0.017576083,9169983885.71185,Europe,8907777,-0.364,0.031007,1960s
Algeria,DZA,1973,1.5791099,0.040805561,0.010177144,8707847924.29022,Africa,43451666,-0.08,0.040806,1970s
Spain,ESP,1969,1.1804806,0.100535289666667,0.061241778,36038711599.541,Europe,47363807,-0.307,0.100535,1960s
Mali,MLI,2003,0.56911943,0.0174894933333333,0.027434364,4714051055.35437,Africa,21224040,1.252,0.017489,2000s
Aruba,ABW,2003,0.0030469219,0.002561136,5.345231e-05,2021229050.27933,North America,106585,1.003,0.002561,2000s
Somalia,SOM,1970,0.52329494,0.0033550026666666,0.018219764,322600009.142857,Africa,16537016,0.066,0.003355,1970s
Romania,ROU,2012,0.83916744,0.0841692193333333,0.034323389,170635805316.879,Europe,19442038,1.829,0.084169,2010s
Solomon Islands,SLB,1982,0.0042217035,0.001000272,9.8207394e-05,192564263.494676,Oceania,691191,-0.111,0.001,1980s
Peru,PER,1996,0.95709905,0.0960876103333333,0.023356589,55252414130.3019,South America,33304756,0.128,0.096088,1990s
Norway,NOR,2017,0.85164918,0.0462694133333333,0.014406972,398393955268.99,Europe,5379839,1.563,0.046269,2010s
El Salvador,SLV,1987,0.1352878,0.005858652,0.0043377986,3958045800.0,North America,6292731,0.716,0.005859,1980s
Finland,FIN,2017,0.78804016,0.057108676,0.023954393,255016517537.983,Europe,5529468,1.488,0.057109,2010s
Singapore,SGP,1980,0.042899404,0.0306041706666667,0.0061722841,11896256782.8566,Asia,5909869,0.347,0.030604,1980s
Senegal,SEN,1994,0.29020147,0.0068902833333333,0.013756383,5034588159.28612,Africa,16436119,0.641,0.00689,1990s
Slovenia,SVN,2020,0.11732344,0.014295197,0.0030818697,53589609580.7099,Europe,2117641,2.204,0.014295,2020s
Liechtenstein,LIE,2011,0.0008885306,0.000158462,2.347817e-05,5739977477.47748,Europe,38756,1.673,0.000158,2010s
Sao Tome and Principe,STP,1969,0.00068780535,1.4656e-05,1.521972e-05,75951210.6852445,Africa,218641,0.135,1.5e-05,1960s
Zimbabwe,ZWE,2011,0.49007275,0.0260695456666667,0.022158944,14101920300.0,Africa,15669666,0.56,0.02607,2010s
Lesotho,LSO,1992,0.055554049,0.002062832,0.0024545054,831033941.093969,Africa,2254100,0.92,0.002063,1990s
Senegal,SEN,2013,0.38420626,0.0090373623333333,0.01676569,18918668644.1941,Africa,16436119,1.26,0.009037,2010s
Poland,POL,1962,3.4900411,0.177341308333333,0.088710572,65977749036.9844,Europe,38428366,-0.512,0.177341,1960s
Fiji,FJI,1980,0.025448514,0.00284426,0.001049503,1202567359.4132,Oceania,920422,0.157,0.002844,1980s
Dominican Republic,DOM,1995,0.27873076,0.0177939083333333,0.0073901669,16637370839.1608,North America,10999664,0.63,0.017794,1990s
Norway,NOR,2003,0.90560565,0.0458242133333333,0.017463911,228858506821.841,Europe,5379839,1.104,0.045824,2000s
Libya,LBY,2011,0.57663227,0.048296444,0.00652006,34699395523.6073,Africa,6653942,0.686,0.048296,2010s
Comoros,COM,1988,0.0098481548,0.000234496,0.00015005719,356500026.691673,Africa,806166,0.544,0.000234,1980s
Singapore,SGP,2018,0.20601256,0.04631296,0.0013908306,375981539145.907,Asia,5909869,0.077,0.046313,2010s
Hungary,HUN,1982,0.58496695,0.083449818,0.049458458,34753569692.915,Europe,9750573,0.111,0.08345,1980s
Afghanistan,AFG,1998,0.4322377,0.0029395173333333,0.01251157,4055179566.34981,Asia,38972230,0.665,0.00294,1990s
Senegal,SEN,2004,0.32152862,0.0090243563333333,0.014806223,10076817278.1025,Africa,16436119,1.096,0.009024,2000s
Zimbabwe,ZWE,1962,0.2014949,0.0170656523333333,0.01054391,1117601600.0,Africa,15669666,0.216,0.017066,1960s
Guinea-Bissau,GNB,2017,0.074574816,0.001586512,0.0027804904,1350177127.5523,Africa,2015828,1.731,0.001587,2010s
Ghana,GHA,2011,0.49482795,0.0317566303333333,0.017028485,39337314809.9434,Africa,32180401,0.837,0.031757,2010s
United Arab Emirates,ARE,1975,0.51420322,0.030605392,0.00104633,14720672506.5004,Asia,9287289,-0.297,0.030605,1970s
Central African Republic,CAF,2015,0.42606845,0.0067625226666666,0.028241274,1695825708.45604,Africa,5343020,0.715,0.006763,2010s
Armenia,ARM,2020,0.064593503,0.0072855943333333,0.0047177109,12641209802.112,Asia,2805608,1.849,0.007286,2020s
Paraguay,PRY,1961,0.33076006,0.0307250236666667,0.010810716,443587301.587302,South America,6618695,0.528,0.030725,1960s
Dominica,DMA,1994,0.0019968996,9.03786666666667e-05,7.9634243e-05,264374074.074074,North America,71995,0.598,9e-05,1990s
Suriname,SUR,2019,0.036459295,0.0062247366666666,0.0011306646,3984483762.37123,South America,607065,1.869,0.006225,2010s
Namibia,NAM,1978,0.17079299,0.0007572266666666,0.01070188,2422096074.58458,Africa,2489098,-0.077,0.000757,1970s
Albania,ALB,1996,0.13915322,0.001321348,0.0040783964,3199641335.93751,Europe,2866849,0.004,0.001321,1990s
Syria,SYR,2006,0.78172089,0.0545391513333333,0.023805649,153799910913.14,Asia,20772595,1.02,0.054539,2000s
Sao Tome and Principe,STP,1994,0.0014019121,0.000212512,2.9595583e-05,75951210.6852445,Africa,218641,0.295,0.000213,1990s
Papua New Guinea,PNG,1970,0.027466747,0.0223345226666667,0.0093510781,645537126.217942,Oceania,9749640,0.214,0.022335,1970s
Guinea,GIN,2015,0.63826464,0.016814096,0.01962309,8794202443.67366,Africa,13205153,1.215,0.016814,2010s
Guinea,GIN,1963,0.15307815,0.0172452266666667,0.0078224209,1995186720.74733,Africa,13205153,0.136,0.017245,1960s
Cape Verde,CPV,1961,0.0019765092,5.8594e-05,6.4558382e-05,142246875.536716,Africa,582640,-0.226,5.9e-05,1960s
Myanmar,MMR,2009,2.8954133,0.161889426,0.057417132,29455165594.6859,Asia,53423198,0.93,0.161889,2000s
Guinea,GIN,1979,0.18784866,0.001861312,0.0085626689,1995186720.74733,Africa,13205153,0.528,0.001861,1970s
Iraq,IRQ,1995,1.2511047,0.0717505613333333,0.018244615,12894029888.1122,Asia,42556984,0.341,0.071751,1990s
Norway,NOR,1995,0.69555363,0.0438452266666667,0.017661041,152029612324.788,Europe,5379839,0.955,0.043845,1990s
Guinea,GIN,1992,0.24060834,0.0039290293333333,0.0098158304,3284620543.22982,Africa,13205153,0.399,0.003929,1990s
Austria,AUT,2008,0.41934195,0.067546229,0.013854724,430294287388.311,Europe,8907777,1.584,0.067546,2000s
Mauritius,MUS,1963,0.012424165,0.000190528,0.00054781532,704033525.405972,Africa,1297828,-0.167,0.000191,1960s
Belize,BLZ,2007,0.014599222,0.00359072,0.00043161217,1271598050.0,North America,394921,0.853,0.003591,2000s
Barbados,BRB,1995,0.0086671569,0.000806635,0.00024489892,2216974096.35559,North America,280693,0.732,0.000807,1990s
Angola,AGO,1972,0.57063107,0.029562292,0.02715102,5934073603.54849,Africa,33428485,-0.043,0.029562,1970s
Libya,LBY,2009,1.3032281,0.052168733,0.00680957,63028320702.0343,Africa,6653942,0.618,0.052169,2000s
Antigua and Barbuda,ATG,1995,0.0030098393,0.000205184,6.793642e-05,577281481.481481,North America,92664,0.671,0.000205,1990s
Portugal,PRT,1965,0.34188262,0.0115702436666667,0.013234278,4687464054.83455,Europe,10298192,-0.218,0.01157,1960s
Romania,ROU,1967,1.2636623,0.110031204333333,0.053621314,38413636363.6364,Europe,19442038,0.306,0.110031,1960s
Nauru,NRU,1973,6.5838045e-05,8.4272e-05,1.2982489e-06,47564520.3910861,Oceania,12315,0.335,8.4e-05,1970s
Uzbekistan,UZB,2007,2.1192253,0.119778784666667,0.032422414,22311393927.8817,Asia,33526656,1.397,0.119779,2000s
Uzbekistan,UZB,2002,2.0464878,0.129863275,0.029106232,9687788512.80184,Asia,33526656,1.853,0.129863,2000s
Tonga,TON,2016,0.0033955566,0.0001856426666666,0.00016441565,420540178.571429,Oceania,105254,1.08,0.000186,2010s
Bhutan,BTN,1969,0.017225345,0.00652192,0.00027548688,128717410.9125,Asia,772506,0.124,0.006522,1960s
Lesotho,LSO,1982,0.049581152,0.0001221333333333,0.0023109504,348746822.619267,Africa,2254100,0.265,0.000122,1980s
Chad,TCD,1990,0.38180284,0.007155792,0.020166622,1738605558.05432,Africa,16644701,0.461,0.007156,1990s
Spain,ESP,1971,1.1991061,0.138180367333333,0.060945981,46619420359.2814,Europe,47363807,-0.761,0.13818,1970s
Malawi,MWI,2007,0.17452878,0.0237106516666667,0.0082482706,4432937045.79897,Africa,19377061,0.952,0.023711,2000s
Switzerland,CHE,2002,0.22120301,0.0424867963333333,0.0087260248,310175772488.13,Europe,8638613,1.276,0.042487,2000s
Cambodia,KHM,2009,0.86484652,0.0251731926666667,0.015035752,10401851850.6108,Asia,16396860,0.403,0.025173,2000s
Rwanda,RWA,2012,0.14205324,0.0041137686666666,0.0059461449,7650300319.83,Africa,13146362,1.291,0.004114,2010s
Saudi Arabia,SAU,1972,1.1829629,0.0714664113333333,0.0044095661,9664067929.6561,Asia,35997107,-0.54,0.071466,1970s
Botswana,BWA,1982,0.19392987,0.0023693866666666,0.012092597,1014907254.54016,Africa,2546402,0.36,0.002369,1980s
Papua New Guinea,PNG,1990,0.053074266,0.034873952,0.0099994047,3219730364.99623,Oceania,9749640,0.278,0.034874,1990s
Aruba,ABW,2018,0.0011440079,0.000872032,5.5684435e-05,3202188606.92893,North America,106585,0.951,0.000872,2010s
Chile,CHL,2008,0.9303544,0.08515804,0.030486067,179638496278.497,South America,19300315,0.267,0.085158,2000s
Sao Tome and Principe,STP,1971,0.00070129218,6.5952e-05,1.5400932e-05,75951210.6852445,Africa,218641,-0.062,6.6e-05,1970s
Liberia,LBR,1991,0.035244361,0.0055249106666666,0.00080807976,874000000.0,Africa,5087584,0.537,0.005525,1990s
Benin,BEN,1997,0.15774453,0.035335815,0.0074975714,2268301537.65128,Africa,12643123,0.599,0.035336,1990s
Algeria,DZA,1998,2.8571793,0.10951557,0.017071465,48187747528.899,Africa,43451666,1.056,0.109516,1990s
Haiti,HTI,1979,0.16056462,0.002215501,0.004341385,1080600000.0,North America,11306801,0.169,0.002216,1970s
Papua New Guinea,PNG,2005,0.16941136,0.030543104,0.012738029,4865892972.27595,Oceania,9749640,0.501,0.030543,2000s
Kuwait,KWT,1986,0.66333714,0.035248585,0.0021430528,17903681693.0489,Asia,4360444,0.342,0.035249,1980s
Guatemala,GTM,2019,0.652394,0.0282741453333333,0.016850197,77020015201.3201,North America,17362718,1.405,0.028274,2010s
Bosnia and Herzegovina,BIH,1997,0.10969912,0.008145925,0.0024447428,3671816504.23851,Europe,3318407,0.129,0.008146,1990s
Syria,SYR,1985,0.4988149,0.0277650036666667,0.012940392,21203821656.051,Asia,20772595,-0.041,0.027765,1980s
Turks and Caicos Islands,TCA,1961,6.1916985e-05,0.0,4.9510212e-08,358744800.0,North America,44276,0.017,0.0,1960s
United Arab Emirates,ARE,1971,0.32352317,0.0208982346666667,0.000729837,14720672506.5004,Asia,9287289,-0.302,0.020898,1970s
Tonga,TON,1970,0.0019388175,0.0002332746666666,8.0821442e-05,32506741.7201204,Oceania,105254,0.323,0.000233,1970s
Papua New Guinea,PNG,2003,0.1013123,0.0355017173333333,0.012767132,3536411824.2958,Oceania,9749640,0.523,0.035502,2000s
Italy,ITA,1962,1.8770623,0.132307358333333,0.079509237,50383891898.9911,Europe,59500579,0.048,0.132307,1960s
Madagascar,MDG,2015,0.83777618,0.0257488706666667,0.029444548,11323020828.5844,Africa,28225177,1.216,0.025749,2010s
Aruba,ABW,1996,0.0018012185,0.000725472,2.1404557e-05,1379960893.85475,North America,106585,0.866,0.000725,1990s
Syria,SYR,1982,0.46318824,0.022569083,0.012146357,17525605095.5414,Asia,20772595,-0.541,0.022569,1980s
Liechtenstein,LIE,2010,0.00090343377,0.00019083,2.3291236e-05,5082366478.08994,Europe,38756,0.489,0.000191,2010s
Samoa,WSM,2002,0.0065338846,-0.0001196906666666,0.00015269687,288078881.433056,Oceania,214929,1.103,-0.00012,2000s
Turks and Caicos Islands,TCA,2007,0.0004120183,0.000252816,4.821083e-06,773489740.0,North America,44276,0.194,0.000253,2000s
Bhutan,BTN,1994,0.028671934,0.0079936906666666,0.00046676011,258985597.704814,Asia,772506,0.325,0.007994,1990s
Trinidad and Tobago,TTO,1991,0.17797028,0.0167971763333333,0.0006727814,5307905882.35294,North America,1518147,0.593,0.016797,1990s
Morocco,MAR,1987,0.61053977,0.0337303773333333,0.020798664,21765261041.7265,Africa,36688772,0.889,0.03373,1980s
Lebanon,LBN,1991,0.060477405,0.0080540853333333,0.0019083082,4690415092.53663,Asia,5662923,0.424,0.008054,1990s
Mozambique,MOZ,2009,0.58534075,0.0591455126666667,0.030685127,11914471497.1492,Africa,31178239,0.474,0.059146,2000s
Djibouti,DJI,1981,0.015449919,0.0003248746666666,0.00045966062,340989527.967995,Africa,1090156,0.055,0.000325,1980s
Mozambique,MOZ,2019,0.95632872,0.0467668823333333,0.032939076,15384701797.9863,Africa,31178239,1.069,0.046767,2010s
Mali,MLI,2008,0.70241439,0.0199956693333333,0.034585231,9838404004.93274,Africa,21224040,0.631,0.019996,2000s
Marshall Islands,MHL,1998,0.0,9.16e-05,0.0,112279400.0,Oceania,43413,0.157,9.2e-05,1990s
Lebanon,LBN,1963,0.031415901,0.003535799,0.0011755019,3313540067.93246,Asia,5662923,0.78,0.003536,1960s
Guatemala,GTM,1997,0.34639236,0.0551949256666667,0.0097140067,17790026221.6139,North America,17362718,0.766,0.055195,1990s
Djibouti,DJI,2012,0.037409161,0.0004995253333333,0.00095226419,1353632941.5207,Africa,1090156,0.8285,0.0005,2010s
Jamaica,JAM,2001,0.04962939,0.01233516,0.0021389832,9194717835.99985,North America,2820436,0.442,0.012335,2000s
Trinidad and Tobago,TTO,2002,0.37778064,0.028114858,0.0008633821,9008273720.93395,North America,1518147,0.971,0.028115,2000s
Guyana,GUY,1970,0.060263356,0.0067698506666666,0.0022537069,267800000.0,South America,797202,0.422,0.00677,1970s
Senegal,SEN,1981,0.2232944,0.004012657,0.010832639,4095892072.29088,Africa,16436119,0.771,0.004013,1980s
Guatemala,GTM,2002,0.40043994,0.0831711553333333,0.010804064,20444205991.025,North America,17362718,0.586,0.083171,2000s
Somalia,SOM,1973,0.52594175,0.0035003413333333,0.018149726,507028428.241662,Africa,16537016,0.569,0.0035,1970s
Antigua and Barbuda,ATG,2014,0.0023632117,0.000461664,9.522059e-05,1249733333.33333,North America,92664,0.595,0.000462,2010s
Turkmenistan,TKM,2011,1.4462698,0.0653949666666667,0.01308581,29233333333.3333,Asia,6250438,1.151,0.065395,2010s
El Salvador,SLV,2006,0.16915492,0.005838452,0.0048081987,15999890000.0,North America,6292731,0.495,0.005838,2000s
Austria,AUT,1971,0.54310109,0.0434098446666667,0.02079935,17858486066.7474,Europe,8907777,-0.067,0.04341,1970s
Brunei Darussalam,BRN,2013,0.21323911,0.0084932086666666,0.00053236315,18093829923.2737,Asia,441725,0.962,0.008493,2010s
Pakistan,PAK,1976,2.3346483,0.0299088983333333,0.057186982,13168080808.0808,Asia,227196741,-0.276,0.029909,1970s
Lesotho,LSO,1977,0.042404915,0.00040304,0.0020034432,193307267.709292,Africa,2254100,0.237,0.000403,1970s
Grenada,GRD,2010,0.0018475626,0.000205184,5.022465e-05,771013259.259259,North America,123663,1.488,0.000205,2010s
Georgia,GEO,2009,0.11801312,-0.000349654,0.0061305255,10766836276.5639,Asia,3765912,0.63,-0.00035,2000s
El Salvador,SLV,2019,0.12636271,0.005774148,0.003928641,26896660000.0,North America,6292731,0.949,0.005774,2010s
Finland,FIN,2004,0.8892035,0.0793326576666667,0.026499741,197116960516.514,Europe,5529468,1.235,0.079333,2000s
Ecuador,ECU,1980,0.44149853,0.083316288,0.010515512,17881514682.8784,South America,17588595,0.409,0.083316,1980s
Botswana,BWA,1962,0.12233821,0.0029189866666666,0.0085927939,35643207.6265246,Africa,2546402,0.199,0.002919,1960s
Tunisia,TUN,1967,0.15624448,0.0043900126666666,0.0063417555,1085714285.71429,Africa,12161723,0.032,0.00439,1960s
Greece,GRC,1990,0.53637045,0.0852089733333333,0.026810863,97891092003.4394,Europe,10512232,0.407,0.085209,1990s
Fiji,FJI,1983,0.026830224,0.0032492993333333,0.0010556198,1123107276.30285,Oceania,920422,0.094,0.003249,1980s
Cambodia,KHM,2001,0.66249441,0.0319403093333333,0.01102297,3984000517.02345,Asia,16396860,0.54,0.03194,2000s
Burundi,BDI,2013,0.13051502,0.0061382626666666,0.0055570441,2451625332.74584,Africa,12220227,1.284,0.006138,2010s
Belize,BLZ,2005,0.013849712,0.0032670666666666,0.00042911758,1102564900.0,North America,394921,0.844,0.003267,2000s
Bangladesh,BGD,2015,3.7767615,0.095507958,0.10320245,195078678697.23,Asia,167420951,0.993,0.095508,2010s
Papua New Guinea,PNG,1988,0.048301789,0.0312661333333333,0.009798636,3655979702.45646,Oceania,9749640,0.541,0.031266,1980s
Belarus,BLR,2019,0.598713,0.0605861063333333,0.099711368,64409647193.8044,Europe,9633740,2.606,0.060586,2010s
Switzerland,CHE,1972,0.27223972,0.0417556683333333,0.010035335,122660905890.076,Europe,8638613,-0.069,0.041756,1970s
Mongolia,MNG,2019,1.3016963,0.0375693496666667,0.046986304,14206359006.8095,Asia,3294335,1.869,0.037569,2010s
Botswana,BWA,1984,0.15643981,0.0024976266666666,0.0089896532,1240796364.75662,Africa,2546402,0.514,0.002498,1980s
Slovenia,SVN,2001,0.14117692,0.0160338736666667,0.0031493623,20876309970.385,Europe,2117641,1.708,0.016034,2000s
Barbados,BRB,2001,0.0087200678,0.0011740126666666,0.00024207524,3054500000.0,North America,280693,0.871,0.001174,2000s
Uganda,UGA,1994,0.4834178,0.0234127636666667,0.021249739,3990430446.71216,Africa,44404611,0.386,0.023413,1990s
Paraguay,PRY,1976,0.40841211,0.0456330583333333,0.013859812,1698960317.46032,South America,6618695,-0.35,0.045633,1970s
Burundi,BDI,1979,0.068326318,0.0062410133333333,0.0038466613,782496666.666667,Africa,12220227,0.4472500000000001,0.006241,1970s
Finland,FIN,1990,0.83479629,0.056767777,0.025943594,141438345513.917,Europe,5529468,1.248,0.056768,1990s
United Arab Emirates,ARE,1979,0.62272756,0.0359357883333333,0.001295914,31225463217.7582,Asia,9287289,0.559,0.035936,1970s
Luxembourg,LUX,2005,0.022264688,0.0120267693333333,0.001321363,37658234050.4912,Europe,630399,1.135,0.012027,2000s
Mauritius,MUS,1997,0.021397934,0.00197856,0.0010607271,4187367601.73431,Africa,1297828,0.69,0.001979,1990s
Mauritania,MRT,1974,0.11418054,-0.001494912,0.0044344627,613010958.14599,Africa,4498604,-0.733,-0.001495,1970s
Slovenia,SVN,2006,0.14856253,0.0173493106666667,0.0029249903,39481045038.2637,Europe,2117641,0.86,0.017349,2000s
Malawi,MWI,2000,0.14333688,0.020028207,0.0058479623,1743506531.32652,Africa,19377061,0.769,0.020028,2000s
North Macedonia,MKD,2013,0.066493233,0.0074171573333333,0.0019433248,10817712138.9451,Europe,2111072,1.453,0.007417,2010s
Senegal,SEN,2018,0.40017579,0.0120021253333333,0.017966061,23116699808.1723,Africa,16436119,1.029,0.012002,2010s
Switzerland,CHE,2001,0.2239698,0.044637818,0.0091650435,287226531168.523,Europe,8638613,1.461,0.044638,2000s
Switzerland,CHE,1995,0.24411403,0.0428208106666667,0.009808945,353132515010.571,Europe,8638613,1.006,0.042821,1990s
Kiribati,KIR,1964,0.00030010077,1.832e-05,7.5381909e-06,14295279.5446937,Oceania,126463,-0.178,1.8e-05,1960s
Niger,NER,1974,0.25685891,-0.0099087663333333,0.01068676,1026136974.47536,Africa,24333639,-0.036,-0.009909,1970s
Botswana,BWA,1986,0.14867752,0.0033134773333333,0.0085272873,1392634771.9653,Africa,2546402,0.284,0.003313,1980s
Bangladesh,BGD,2001,3.0401718,0.042503229,0.07835558,53991289844.3291,Asia,167420951,0.443,0.042503,2000s
Solomon Islands,SLB,1962,0.0011281631,0.000344416,2.7578122e-05,25203524.0325638,Oceania,691191,0.087,0.000344,1960s
Croatia,HRV,1995,0.16326141,0.0139719603333333,0.0084486175,22717081924.7143,Europe,4096868,0.413,0.013972,1990s
Burundi,BDI,1963,0.045619632,0.010783152,0.0029531077,232749998.0,Africa,12220227,-0.203,0.010783,1960s
Solomon Islands,SLB,1985,0.0041631046,0.0011517173333333,9.8059876e-05,165454831.975042,Oceania,691191,-0.004,0.001152,1980s
Sweden,SWE,1989,0.56285834,0.0431608816666667,0.022805306,217948315624.564,Europe,10368969,2.002,0.043161,1980s
Nauru,NRU,1976,6.7739969e-05,0.000102592,1.3654277e-06,47564520.3910861,Oceania,12315,-0.15349999999999997,0.000103,1970s
Vanuatu,VUT,1964,0.0048612201,0.001930928,0.00014619363,119258835.335525,Oceania,311685,0.26,0.001931,1960s
Guinea-Bissau,GNB,1965,0.026169816,0.0009941653333333,0.001270511,78733594.8411852,Africa,2015828,-0.392,0.000994,1960s
Nepal,NPL,2017,1.0417887,0.0169114766666667,0.024081361,28971589213.134,Asia,29348627,1.292,0.016911,2010s
Paraguay,PRY,2011,0.86562059,0.0906920543333333,0.029403034,33756238766.5,South America,6618695,0.721,0.090692,2010s
Denmark,DNK,2011,0.35755031,0.0452129643333333,0.018067911,344003137611.271,Europe,5825641,0.68,0.045213,2010s
Nigeria,NGA,2008,8.2491546,0.100988761666667,0.11020678,339476215683.592,Africa,208327405,0.603,0.100989,2000s
Hungary,HUN,2002,0.38232618,0.0526904136666667,0.037777237,67608919144.3684,Europe,9750573,1.446,0.05269,2000s
Turks and Caicos Islands,TCA,2012,0.00047902183,0.000318768,7.58983e-06,727161000.0,North America,44276,0.194,0.000319,2010s
Eritrea,ERI,2010,0.15473779,0.001340057,0.0053149253,1589515447.15447,Africa,3555868,1.6,0.00134,2010s
Nigeria,NGA,2006,8.8163417,0.174435386333333,0.10881386,236103982431.635,Africa,208327405,1.201,0.174435,2000s
Iraq,IRQ,2004,2.5250713,0.12470033,0.016517408,36627901762.063,Asia,42556984,1.039,0.1247,2000s
South Africa,ZAF,1974,1.4512865,0.213501823666667,0.057797498,36807721037.6395,Africa,58801927,-0.27,0.213502,1970s
Austria,AUT,1986,0.56986446,0.0451059186666667,0.019399014,99036164939.1618,Europe,8907777,0.318,0.045106,1980s
Guinea-Bissau,GNB,1963,0.026281255,0.001036912,0.0012681394,78733594.8411852,Africa,2015828,0.157,0.001037,1960s
Central African Republic,CAF,1961,0.1855104,0.0102494293333333,0.015185745,123134584.467673,Africa,5343020,-0.002,0.010249,1960s
Equatorial Guinea,GNQ,1962,0.0025673159,0.002366944,3.9665054e-05,9122751.45318345,Africa,1596049,-0.054,0.002367,1960s
Estonia,EST,1998,0.098421352,0.01379115,0.004196648,5674080542.88575,Europe,1329444,0.541,0.013791,1990s
Greece,GRC,2010,0.53691942,0.0926886566666667,0.019129013,296835346570.223,Europe,10512232,1.633,0.092689,2010s
Botswana,BWA,1965,0.11237365,0.0023938133333333,0.0081588763,45790869.7473126,Africa,2546402,0.08,0.002394,1960s
Brunei Darussalam,BRN,1996,0.17635899,0.0057550106666666,0.00032065931,5115602836.87943,Asia,441725,0.414,0.005755,1990s
Sri Lanka,LKA,2020,0.45107327,0.0274439466666667,0.0089448908,80676681933.978,Asia,21715079,1.06,0.027444,2020s
Tajikistan,TJK,2018,0.27942895,0.0101952826666667,0.006744845,7765014424.33779,Asia,9543207,1.688,0.010195,2010s
Costa Rica,CRI,2013,0.17223309,0.0085963703333333,0.0058210268,50949672205.8222,North America,5123105,0.806,0.008596,2010s
Iraq,IRQ,1989,4.3937069,0.071655585,0.01685229,65831935483.871,Asia,42556984,0.196,0.071656,1980s
Seychelles,SYC,2005,0.0020007177,0.000381056,8.5716267e-05,919103254.545455,Africa,105530,0.44,0.000381,2000s
Niger,NER,1999,0.46150149,0.010905141,0.018288147,2537790022.73535,Africa,24333639,0.578,0.010905,1990s
Madagascar,MDG,2019,0.85835612,0.025403624,0.029190798,14104664514.87,Africa,28225177,1.505,0.025404,2010s
Romania,ROU,2016,0.8461327,0.0622700386666667,0.036456197,188128818486.401,Europe,19442038,1.847,0.06227,2010s
Tunisia,TUN,2017,0.35489855,0.0311211033333333,0.01108937,42163974956.4834,Africa,12161723,1.227,0.031121,2010s
Brunei Darussalam,BRN,1988,0.15193041,0.007031216,0.00026667484,2690717551.18267,Asia,441725,0.435,0.007031,1980s
Jordan,JOR,1973,0.032482919,0.0023949813333333,0.0015852516,943700547.778454,Asia,10928721,-0.49,0.002395,1970s
Sweden,SWE,1970,0.53294775,0.0883787583333333,0.024873008,38092452060.6201,Europe,10368969,-1.095,0.088379,1970s
Portugal,PRT,1968,0.3472834,0.0133099006666667,0.014410574,6354262628.33537,Europe,10298192,0.023,0.01331,1960s
Luxembourg,LUX,2013,0.022194872,0.0103131506666667,0.0012288979,65184744717.028,Europe,630399,0.574,0.010313,2010s
Kiribati,KIR,2007,0.00081313094,5.8624e-05,1.9861307e-05,132671742.950381,Oceania,126463,0.354,5.9e-05,2000s
Argentina,ARG,1994,4.5564516,0.185750548666667,0.12685908,257440000000.0,South America,45036032,0.48,0.185751,1990s
Israel,ISR,1995,0.19284735,0.0502929936666667,0.007027302,100605702520.506,Asia,8757489,-0.089,0.050293,1990s
Sierra Leone,SLE,1969,0.081464424,0.007716384,0.0029611638,408690163.476065,Africa,8233969,0.266,0.007716,1960s
Andorra,AND,2011,0.0037610537,0.000490976,0.00017381078,3629203786.19154,Europe,77700,1.605,0.000491,2010s
Nicaragua,NIC,2017,0.3856188,0.0229507983333333,0.011477733,13785876629.3189,North America,6755895,0.968,0.022951,2010s
Cape Verde,CPV,2019,0.0069603613,0.000501968,0.00027454455,1981845740.70615,Africa,582640,1.39,0.000502,2010s
Malawi,MWI,2017,0.26869056,0.0121202256666667,0.013632137,8943543677.18899,Africa,19377061,0.833,0.01212,2010s
Dominican Republic,DOM,2010,0.39129763,0.0188802263333333,0.010719138,53860175555.9961,North America,10999664,1.019,0.01888,2010s
Sierra Leone,SLE,1972,0.085619513,0.00679672,0.0029961995,465381089.98454,Africa,8233969,0.123,0.006797,1970s
Somalia,SOM,1994,0.69210253,0.010925257,0.021958482,4574495666.99486,Africa,16537016,0.45,0.010925,1990s
Pakistan,PAK,1996,4.3207239,0.113422270666667,0.12142921,63320122807.1223,Asia,227196741,-0.16,0.113422,1990s
Barbados,BRB,1971,0.008159782,0.0005080746666666,0.00018200913,311809337.474355,North America,280693,-0.227,0.000508,1970s
Afghanistan,AFG,1994,0.32348963,0.0018324423333333,0.0092382939,4055179566.34981,Asia,38972230,0.444,0.001832,1990s
Grenada,GRD,1964,0.0014526045,4.0304e-05,2.337299e-05,71494495.1851852,North America,123663,-0.153,4e-05,1960s
Nicaragua,NIC,2020,0.42452163,0.0219853926666667,0.012301638,12621505382.6062,North America,6755895,1.459,0.021985,2020s
Fiji,FJI,1973,0.020398568,0.0014603576666666,0.00080785046,425963359.355326,Oceania,920422,0.431,0.00146,1970s
Peru,PER,1992,0.8735479,0.0797074906666667,0.019734538,35966302303.263,South America,33304756,0.902,0.079707,1990s
Madagascar,MDG,1988,0.67363034,0.0385975283333333,0.02492831,3189456961.27972,Africa,28225177,0.632,0.038598,1980s
Cyprus,CYP,1965,0.012875416,0.0015287233333333,0.00074740277,489914760.682807,Europe,1237537,-0.183,0.001529,1960s
Mozambique,MOZ,2003,0.55988296,0.0536522636666667,0.032036244,6303391143.83386,Africa,31178239,0.606,0.053652,2000s
Mauritius,MUS,1970,0.015288939,0.000479984,0.00058433997,704033525.405972,Africa,1297828,0.254,0.00048,1970s
Denmark,DNK,2013,0.34723335,0.0433973573333333,0.018120244,343584391647.927,Europe,5825641,0.399,0.043397,2010s
Costa Rica,CRI,1996,0.1590707,0.0068603503333333,0.0063738736,11678424507.3634,North America,5123105,-0.096,0.00686,1990s
British Virgin Islands,VGB,1964,0.00028705537,6.2288e-05,7.533814e-06,114040245.655299,North America,30910,0.135,6.2e-05,1960s
Albania,ALB,1962,0.097650115,0.004293733,0.0024698619,1857338011.85488,Europe,2866849,0.34,0.004294,1960s
Haiti,HTI,1986,0.16645034,0.001050062,0.0039962726,2318000000.0,North America,11306801,0.245,0.00105,1980s
Uzbekistan,UZB,1999,1.5999065,0.125342131333333,0.029877058,17078465982.0282,Asia,33526656,1.323,0.125342,1990s
Bulgaria,BGR,2004,0.38563639,0.042035512,0.014705906,26157894736.8421,Europe,6979175,0.55,0.042036,2000s
Guyana,GUY,1994,0.055415698,0.0102396586666667,0.0021668024,540874934.201012,South America,797202,0.651,0.01024,1990s
Maldives,MDV,2012,0.0048566324,0.001110192,0.00015058113,2886170571.69634,Asia,514438,0.537,0.00111,2010s
Antigua and Barbuda,ATG,1993,0.0029282636,0.000197856,6.2185563e-05,535174074.074074,North America,92664,0.528,0.000198,1990s
Timor-Leste,TLS,1977,0.016151807,0.00337088,0.00044474054,367087900.0,Asia,1299995,0.34049999999999997,0.003371,1970s
Jordan,JOR,1969,0.029418244,0.0019277746666666,0.0015315811,698963875.66508,Asia,10928721,0.416,0.001928,1960s
United Arab Emirates,ARE,1982,0.51412096,0.036019974,0.00177044,46622718605.2847,Asia,9287289,-0.344,0.03602,1980s
Zimbabwe,ZWE,1963,0.20755571,0.0168037903333333,0.010722678,1159511700.0,Africa,15669666,-0.462,0.016804,1960s
Mozambique,MOZ,1986,0.31206435,0.0245610856666667,0.014868342,3633406064.83095,Africa,31178239,0.081,0.024561,1980s
Rwanda,RWA,2009,0.13773017,0.004075697,0.0055958579,5671332137.79866,Africa,13146362,1.291,0.004076,2000s
Cambodia,KHM,1965,0.54630441,0.0237659253333333,0.006480744,868571428.571429,Asia,16396860,-0.223,0.023766,1960s
Pakistan,PAK,1966,1.8474429,0.0433111316666667,0.036179221,6561108777.82444,Asia,227196741,-0.153,0.043311,1960s
Nepal,NPL,1993,0.74652905,0.0169449063333333,0.014902521,3660041666.66667,Asia,29348627,-0.152,0.016945,1990s
Seychelles,SYC,1964,0.00067694322,7.328e-06,9.5917234e-06,15393032.3541529,Africa,105530,-0.19,7e-06,1960s
Tonga,TON,2015,0.0033968584,0.0001783146666666,0.00016359784,437006227.162781,Oceania,105254,0.555,0.000178,2010s
Georgia,GEO,2003,0.13483855,-0.0012722656666666,0.0064099244,3991284895.37214,Asia,3765912,-0.293,-0.001272,2000s
Honduras,HND,2003,0.25985528,0.014527738,0.0077457502,8140278400.9927,North America,10121763,0.528,0.014528,2000s
Botswana,BWA,2014,0.15971187,0.0155826973333333,0.0086604664,15654660710.108,Africa,2546402,-0.102,0.015583,2010s
Ireland,IRL,2010,0.6661981,0.035491536,0.030425108,221659742984.75,Europe,4946119,-0.139,0.035492,2010s
Rwanda,RWA,1963,0.045218915,0.007412272,0.0023252098,128000000.0,Africa,13146362,-0.196,0.007412,1960s
Iceland,ISL,1985,0.021855566,0.001842475,0.0015815341,2984052332.4588,Europe,366669,0.042,0.001842,1980s
Romania,ROU,1992,1.1476853,0.126429171333333,0.048170969,25121666666.6667,Europe,19442038,0.403,0.126429,1990s
Mauritius,MUS,2017,0.02282928,0.004664272,0.0011265493,13259351418.4459,Africa,1297828,1.122,0.004664,2010s
Spain,ESP,1986,1.4354011,0.181406050666667,0.079523416,251321075204.942,Europe,47363807,0.248,0.181406,1980s
Austria,AUT,2006,0.42869993,0.0698692916666667,0.014127361,335998557270.104,Europe,8907777,0.902,0.069869,2000s
Denmark,DNK,1997,0.38675277,0.0634780186666667,0.023480622,173537647058.824,Europe,5825641,0.642,0.063478,1990s
Zambia,ZMB,1983,0.40633926,0.0203594326666667,0.038113402,3216307692.30769,Africa,18927715,1.029,0.020359,1980s
Albania,ALB,1980,0.13777413,0.0062944636666666,0.004454155,1857338011.85488,Europe,2866849,-0.389,0.006294,1980s
Seychelles,SYC,2016,0.0023678865,0.000553264,7.846688e-05,1426651768.82189,Africa,105530,0.86,0.000553,2010s
Kuwait,KWT,2006,1.2237967,0.073407971,0.0027835412,101548931771.192,Asia,4360444,1.773,0.073408,2000s
Rwanda,RWA,1995,0.073472705,0.0032516143333333,0.0026682119,1293535010.94467,Africa,13146362,0.5045000000000001,0.003252,1990s
Burundi,BDI,1970,0.058241259,0.009368848,0.0034937869,242732571.428571,Africa,12220227,0.244,0.009369,1970s
Lebanon,LBN,2009,0.10205355,0.020664435,0.0030254896,35399582928.6222,Asia,5662923,0.823,0.020664,2000s
Gabon,GAB,1963,0.01306424,0.0129827733333333,0.00061444111,154480244.246828,Africa,2292573,0.263,0.012983,1960s
Paraguay,PRY,1989,0.57189442,0.0475715246666667,0.018603012,4757732199.96678,South America,6618695,-0.008,0.047572,1980s
Fiji,FJI,2013,0.039691667,0.0012078986666666,0.0012631605,4190143206.25611,Oceania,920422,1.032,0.001208,2010s
Fiji,FJI,1970,0.018937841,0.0008742366666666,0.0007171061,219878482.173564,Oceania,920422,0.14,0.000874,1970s
Kiribati,KIR,2017,0.0010212441,6.5952e-05,2.3990872e-05,187276124.790591,Oceania,126463,1.06,6.6e-05,2010s
British Virgin Islands,VGB,1967,0.0002799994,0.000113584,9.1089749e-06,114040245.655299,North America,30910,-0.412,0.000114,1960s
Portugal,PRT,1998,0.49535324,0.058991021,0.014463252,123946327916.296,Europe,10298192,1.186,0.058991,1990s
Singapore,SGP,2014,0.18944076,0.052728624,0.00129777,314851156183.411,Asia,5909869,0.077,0.052729,2010s
Qatar,QAT,1974,0.38142132,0.010478535,0.00043200272,2401403227.44085,Asia,2760385,-0.012,0.010479,1970s
Algeria,DZA,1990,2.5371791,0.081977148,0.016028558,62048562947.2509,Africa,43451666,1.235,0.081977,1990s
Iraq,IRQ,1962,1.4785491,0.012318436,0.0092935116,1954634836.18034,Asia,42556984,0.91,0.012318,1960s
Belize,BLZ,1977,0.0071525061,0.0023718293333333,0.00028835091,117650000.0,North America,394921,0.115,0.002372,1970s
Comoros,COM,1971,0.0072818991,6.5952e-05,0.00015285929,212218226.429847,Africa,806166,-0.508,6.6e-05,1970s
Guyana,GUY,1979,0.050417214,0.0223931466666667,0.0021713426,530440000.0,South America,797202,0.625,0.022393,1970s
Algeria,DZA,2010,2.9249328,0.11825269,0.02424199,161207270185.25,Africa,43451666,2.182,0.118253,2010s
Portugal,PRT,1980,0.41110196,0.0278482723333333,0.015391415,32896519823.7885,Europe,10298192,0.243,0.027848,1980s
Sierra Leone,SLE,1975,0.085728382,0.006203152,0.0027670583,679335901.117451,Africa,8233969,-0.119,0.006203,1970s
Marshall Islands,MHL,2003,0.0,0.000106256,0.0,131398500.0,Oceania,43413,0.444,0.000106,2000s
Cameroon,CMR,2000,0.80233061,0.0317541993333333,0.022999494,10566578952.7857,Africa,26491087,0.31,0.031754,2000s
Jordan,JOR,2001,0.10215904,0.015682797,0.0030514268,8975689844.8519,Asia,10928721,1.011,0.015683,2000s
Burkina Faso,BFA,1963,0.17170251,0.005547296,0.0083308515,394040588.303477,Africa,21522626,0.139,0.005547,1960s
Uganda,UGA,2013,0.98750572,0.02456605,0.040822342,28915786996.5408,Africa,44404611,1.094,0.024566,2010s
Israel,ISR,1980,0.13285065,0.0211433913333333,0.0054585352,100605702520.506,Asia,8757489,-0.177,0.021143,1980s
Brunei Darussalam,BRN,1962,0.0025252068,0.0007120373333333,0.00021811435,114040245.655299,Asia,441725,-0.082,0.000712,1960s
Botswana,BWA,2001,0.27051949,0.0127385066666667,0.018308923,5489608299.66445,Africa,2546402,-0.075,0.012739,2000s
Belgium,BEL,2020,0.64092956,0.0929572346666667,0.03030745,521861292586.616,Europe,11561717,2.55,0.092957,2020s
Cameroon,CMR,1985,0.78579529,0.0402038506666667,0.014036176,8544809794.26305,Africa,26491087,0.008,0.040204,1980s
Timor-Leste,TLS,1967,0.018311537,7.328e-05,0.00055113729,367087900.0,Asia,1299995,-0.454,7.3e-05,1960s
Libya,LBY,2020,0.42368122,0.057795707,0.0071033002,25418916028.8964,Africa,6653942,1.154,0.057796,2020s
Papua New Guinea,PNG,1967,0.023978667,0.0179010826666667,0.0092108694,441706910.068317,Oceania,9749640,-0.229,0.017901,1960s
Austria,AUT,1977,0.5478436,0.0471023843333333,0.022190131,51545758887.6863,Europe,8907777,0.494,0.047102,1970s
United Arab Emirates,ARE,2020,1.8838328,0.198608122,0.0094807745,358868765174.924,Asia,9287289,1.269,0.198608,2020s
Malawi,MWI,2013,0.22755625,0.0152939046666667,0.011047809,5518880768.57955,Africa,19377061,0.614,0.015294,2010s
South Sudan,SSD,2013,1.1555317,0.0135592426666667,0.073132345,18426469016.9492,Africa,10606227,1.327,0.013559,2010s
Slovenia,SVN,2013,0.12639602,0.017185162,0.0028504012,48401896808.3064,Europe,2117641,1.234,0.017185,2010s
Chile,CHL,1998,0.87344225,0.0620753333333333,0.021117888,81577430181.4602,South America,19300315,0.642,0.062075,1990s
Finland,FIN,2003,0.77052898,0.0816189106666667,0.02656786,171274266365.688,Europe,5529468,0.713,0.081619,2000s
Norway,NOR,1984,0.43025509,0.0364459473333333,0.026148681,62057955032.7758,Europe,5379839,0.544,0.036446,1980s
Tuvalu,TUV,1978,0.0001506069,0.0,1.5605646e-06,8824447.74022325,Oceania,11069,0.225,0.0,1970s
Togo,TGO,1975,0.056044626,0.0017526133333333,0.0020788643,617321669.390877,Africa,8442580,-0.236,0.001753,1970s
Liberia,LBR,1984,0.030601039,0.0041884453333333,0.0010250832,874000000.0,Africa,5087584,0.386,0.004188,1980s
Papua New Guinea,PNG,2004,0.11893251,0.0290091093333333,0.013327386,3927157866.96465,Oceania,9749640,0.231,0.029009,2000s
Nauru,NRU,1969,6.3176893e-05,6.5952e-05,1.1521448e-06,47564520.3910861,Oceania,12315,-0.4792,6.6e-05,1960s
Dominican Republic,DOM,2006,0.32784869,0.017609692,0.009654836,37879869897.8979,North America,10999664,0.793,0.01761,2000s
Central African Republic,CAF,1962,0.18614612,0.0099172266666666,0.015230348,124482748.937917,Africa,5343020,-0.315,0.009917,1960s
Myanmar,MMR,1993,1.9255085,0.103339455666667,0.039798649,2809748387.09677,Asia,53423198,0.106,0.103339,1990s
Nepal,NPL,2001,0.8496341,0.0138128246666667,0.017133477,6007055042.17687,Asia,29348627,0.525,0.013813,2000s
Maldives,MDV,2011,0.0046486566,0.000985616,0.00012718304,2774351760.03287,Asia,514438,0.54,0.000986,2010s
Estonia,EST,2016,0.1159076,0.0173883663333333,0.0046993234,24056487770.898,Europe,1329444,1.916,0.017388,2010s
Saudi Arabia,SAU,1981,2.1997548,0.17761286,0.011331716,184291888767.191,Asia,35997107,0.063,0.177613,1980s
Bhutan,BTN,1999,0.036563641,0.004402351,0.0006237403,399268801.672085,Asia,772506,0.981,0.004402,1990s
Solomon Islands,SLB,1978,0.0038954144,0.0007462346666666,9.5186346e-05,111022089.96223,Oceania,691191,0.373,0.000746,1970s
Philippines,PHL,1984,2.031717,0.174887550666667,0.025205222,35730202751.0258,Asia,112190977,0.168,0.174888,1980s
Gabon,GAB,1966,0.035382111,0.011739456,0.00063201959,245849781.715943,Africa,2292573,0.159,0.011739,1960s
Austria,AUT,2012,0.40807374,0.0609394033333333,0.013883783,409425234155.263,Europe,8907777,1.782,0.060939,2010s
Kuwait,KWT,2020,1.2868364,0.099778764,0.0038372085,105960225688.145,Asia,4360444,2.028,0.099779,2020s
Peru,PER,2006,1.1246975,0.0951409656666667,0.02772013,88643193061.748,South America,33304756,0.773,0.095141,2000s
Denmark,DNK,1986,0.3981389,0.0575636853333333,0.027555417,88078760103.8191,Europe,5825641,-0.444,0.057564,1980s
Myanmar,MMR,1989,1.7820354,0.0867309523333333,0.037087444,1674823310.87183,Asia,53423198,0.323,0.086731,1980s
Thailand,THA,1990,3.1167639,0.183386025666667,0.052640689,85343063965.9182,Asia,71475664,0.508,0.183386,1990s
Turks and Caicos Islands,TCA,1979,8.8864936e-05,0.0,1.0348198e-07,358744800.0,North America,44276,-0.014,0.0,1970s
Mongolia,MNG,2003,0.32597609,0.0012380593333333,0.027350643,1595297355.78349,Asia,3294335,0.517,0.001238,2000s
Zambia,ZMB,1988,0.33169342,0.048652542,0.029231224,3713614457.83133,Africa,18927715,0.663,0.048653,1980s
Sierra Leone,SLE,1977,0.096181319,0.00626544,0.0034271596,691777758.395115,Africa,8233969,0.179,0.006265,1970s
Central African Republic,CAF,1993,0.37376347,0.009467776,0.027707979,1278781166.72188,Africa,5343020,0.138,0.009468,1990s
Lesotho,LSO,2020,0.061442422,0.0037513516666666,0.0021926151,1875227642.47384,Africa,2254100,0.728,0.003751,2020s
Saudi Arabia,SAU,1988,1.7036445,0.207186101666667,0.019688704,88256162068.9725,Asia,35997107,0.391,0.207186,1980s
Brunei Darussalam,BRN,1992,0.15516289,0.0062605546666666,0.00031812746,4183548189.07305,Asia,441725,0.454,0.006261,1990s
Tuvalu,TUV,2013,0.000333063,1.0992e-05,4.42e-06,37509075.1110253,Oceania,11069,0.638,1.1e-05,2010s
Romania,ROU,1974,1.4997132,0.157254453333333,0.065482315,38413636363.6364,Europe,19442038,-0.078,0.157254,1970s
Switzerland,CHE,1996,0.24306542,0.0433624226666667,0.0097329147,340471241909.385,Europe,8638613,0.037,0.043362,1990s
Liberia,LBR,2007,0.062128872,0.0159284276666667,0.0012615188,1373000000.0,Africa,5087584,0.927,0.015928,2000s
Oman,OMN,1988,0.51680847,0.010663136,0.0013295898,8386215864.75943,Asia,4543399,0.338,0.010663,1980s
Paraguay,PRY,1985,0.48613248,0.0855511006666667,0.015458323,3282449235.87261,South America,6618695,0.449,0.085551,1980s
Iraq,IRQ,1984,1.9993502,0.040943482,0.014824932,46938387096.7742,Asia,42556984,0.039,0.040943,1980s
Namibia,NAM,1973,0.17008353,0.0008305066666666,0.010249781,2422096074.58458,Africa,2489098,0.617,0.000831,1970s
Bahrain,BHR,1980,0.51836523,0.007917904,0.000200299,3072698328.46909,Asia,1477469,0.395,0.007918,1980s
Samoa,WSM,1973,0.0033330921,0.0003908266666666,8.2651312e-05,121221651.619316,Oceania,214929,0.182,0.000391,1970s
Armenia,ARM,1999,0.055080159,0.0041975883333333,0.0017233963,1845482173.02732,Asia,2805608,1.569,0.004198,1990s
Iceland,ISL,2013,0.020471296,0.0036144266666666,0.0012376297,16125060515.3117,Europe,366669,0.662,0.003614,2010s
Chad,TCD,1963,0.29861497,-0.0002992266666666,0.016664514,371767002.655998,Africa,16644701,0.289,-0.000299,1960s
Zambia,ZMB,1987,0.44640452,0.034733762,0.040094977,2269894736.84211,Africa,18927715,0.976,0.034734,1980s
Uruguay,URY,2019,0.96110985,0.0115951153333333,0.026491701,61231149880.5857,South America,3429086,0.982,0.011595,2010s
Comoros,COM,1979,0.0090948282,0.000131904,0.00017152059,212218226.429847,Africa,806166,0.278,0.000132,1970s
Malawi,MWI,1990,0.12274765,0.0132759943333333,0.0049092265,1880771556.30474,Africa,19377061,0.702,0.013276,1990s
Mauritius,MUS,1984,0.01835866,0.000608224,0.00072523671,1040557089.33864,Africa,1297828,-0.369,0.000608,1980s
Mongolia,MNG,2004,0.31246665,0.0007944866666666,0.026970565,1992066808.09598,Asia,3294335,1.785,0.000794,2000s
Norway,NOR,1975,0.27614015,0.0309292326666667,0.031455993,32877805200.023,Europe,5379839,1.068,0.030929,1970s
Turkmenistan,TKM,1995,0.70461268,0.0431423763333333,0.00615917,2483809523.80952,Asia,6250438,1.423,0.043142,1990s
Tajikistan,TJK,2019,0.2743267,0.0108825176666667,0.006857426,8300784856.87904,Asia,9543207,1.414,0.010883,2010s
Zambia,ZMB,2006,0.59660289,0.044477038,0.045723641,12756858899.2812,Africa,18927715,0.606,0.044477,2000s
Cambodia,KHM,1997,0.65011781,0.0192237866666667,0.011719593,3443413388.6909,Asia,16396860,0.29,0.019224,1990s
Pakistan,PAK,1992,3.8555117,0.0788055343333333,0.10555828,48884606848.1265,Asia,227196741,-0.429,0.078806,1990s
Costa Rica,CRI,2005,0.14592984,0.0065157763333333,0.0047727187,20040642476.8988,North America,5123105,0.748,0.006516,2000s
Togo,TGO,1973,0.056264489,0.001767319,0.0022280083,406479906.159652,Africa,8442580,0.547,0.001767,1970s
Mongolia,MNG,1977,0.3344956,0.0270424126666667,0.026852059,2310099100.0,Asia,3294335,0.066,0.027042,1970s
Sri Lanka,LKA,2001,0.37082504,0.016005569,0.0083694808,15749753804.8344,Asia,21715079,0.735,0.016006,2000s
Azerbaijan,AZE,2015,0.66068723,0.0378950526666667,0.012898725,53074370486.0433,Asia,10284951,1.664,0.037895,2010s
Israel,ISR,2014,0.36841862,0.060282331,0.0077434435,310944937638.436,Asia,8757489,0.919,0.060282,2010s
Central African Republic,CAF,2016,0.46252956,0.007159456,0.031325734,1825018190.85071,Africa,5343020,0.926,0.007159,2010s
Costa Rica,CRI,1972,0.12604634,0.0287405673333333,0.0040587131,1238251695.55388,North America,5123105,0.248,0.028741,1970s
Mauritania,MRT,1961,0.14130844,-0.0059857546666666,0.0060099536,159213140.003286,Africa,4498604,-0.005,-0.005986,1960s
Syria,SYR,1974,0.31536132,0.006246891,0.0075060531,4244670160.29051,Asia,20772595,-0.168,0.006247,1970s
Bangladesh,BGD,1995,2.8421602,0.0309589406666667,0.071164223,37939748768.6567,Asia,167420951,0.385,0.030959,1990s
Uzbekistan,UZB,2011,2.255397,0.112013337333333,0.039346694,60178909297.208,Asia,33526656,1.072,0.112013,2010s
Tuvalu,TUV,1962,0.00013113495,0.0,1.4643448e-06,8824447.74022325,Oceania,11069,0.067,0.0,1960s
Algeria,DZA,2018,3.2785449,0.174082580666667,0.028703044,174910878623.049,Africa,43451666,1.15,0.174083,2010s
Uruguay,URY,2018,0.96378894,0.0116028633333333,0.026305581,64515038268.1373,South America,3429086,1.344,0.011603,2010s
Ireland,IRL,1986,0.64438322,0.0215398486666667,0.032690636,28714571852.4799,Europe,4946119,-0.756,0.02154,1980s
Solomon Islands,SLB,1975,0.0030449029,0.0003395306666666,8.3855198e-05,74617096.4785967,Oceania,691191,0.022,0.00034,1970s
Cambodia,KHM,1992,0.54672744,0.0314053653333333,0.010186679,2533727592.04165,Asia,16396860,0.448,0.031405,1990s
Jordan,JOR,2000,0.10010717,0.015236844,0.0027854532,8460424400.56418,Asia,10928721,0.404,0.015237,2000s
Guatemala,GTM,1989,0.28497386,0.0443700216666667,0.0075267829,8410724360.79545,North America,17362718,0.127,0.04437,1980s
Barbados,BRB,2002,0.0082694318,0.001199568,0.00020399881,3106500000.0,North America,280693,0.889,0.0012,2000s
Antigua and Barbuda,ATG,1989,0.0028286708,0.000267472,6.0009334e-05,438794788.518519,North America,92664,-0.086,0.000267,1980s
Mauritius,MUS,1989,0.019893156,0.001088208,0.00085915714,2181930254.82301,Africa,1297828,0.058,0.001088,1980s
Chad,TCD,2011,1.3932161,0.0339489463333333,0.059220877,12172309522.6171,Africa,16644701,0.936,0.033949,2010s
Ireland,IRL,2008,0.69409045,0.0367498713333333,0.031476641,274326912260.144,Europe,4946119,0.808,0.03675,2000s
Dominica,DMA,2002,0.0020238398,0.000175872,4.8691738e-05,333196296.296296,North America,71995,0.749,0.000176,2000s
Guinea-Bissau,GNB,1998,0.045106757,0.0045079413333333,0.0017823243,206457544.497703,Africa,2015828,1.676,0.004508,1990s
Israel,ISR,1973,1.9795529,0.0196519956666667,0.0044576835,100605702520.506,Asia,8757489,-0.451,0.019652,1970s
Denmark,DNK,2006,0.36995859,0.059304302,0.018035004,282884947702.966,Europe,5825641,1.342,0.059304,2000s
Botswana,BWA,2015,0.15522407,0.013482009,0.0076380977,13578754072.4652,Africa,2546402,1.474,0.013482,2010s
Barbados,BRB,1989,0.0089474062,0.000988686,0.00025379514,2006165166.80754,North America,280693,0.393,0.000989,1980s
Turks and Caicos Islands,TCA,1993,0.00023518642,6.5952e-05,1.088857e-07,358744800.0,North America,44276,0.194,6.6e-05,1990s
Colombia,COL,1991,2.4283009,0.0912056,0.060234933,49175565911.0655,South America,50930662,0.474,0.091206,1990s
Palau,PLW,2012,0.0019194944,0.000223504,0.00027135387,212397800.0,Oceania,17972,0.5940000000000001,0.000224,2010s
Liechtenstein,LIE,1994,0.00099446648,0.000201111,2.5635402e-05,1948118227.68151,Europe,38756,1.945,0.000201,1990s
Paraguay,PRY,1963,0.3098624,0.0257041223333333,0.010232688,443587301.587302,South America,6618695,0.847,0.025704,1960s
Bosnia and Herzegovina,BIH,2002,0.12317741,0.014575641,0.0031280535,6728771313.86805,Europe,3318407,1.159,0.014576,2000s
Costa Rica,CRI,1985,0.17823423,0.013527575,0.0057992738,3919203960.39604,North America,5123105,-0.057,0.013528,1980s
Fiji,FJI,1976,0.022450321,0.0022295036666666,0.00091154567,694552411.718837,Oceania,920422,0.059,0.00223,1970s
Libya,LBY,1987,1.3009864,0.0311879963333333,0.004158665,28901836158.1921,Africa,6653942,-0.028,0.031188,1980s
Bhutan,BTN,1986,0.02773517,0.0070776266666666,0.00043811024,191230747.107006,Asia,772506,-0.018,0.007078,1980s
Comoros,COM,2000,0.012768891,0.000432352,0.00018387684,351136568.441921,Africa,806166,0.312,0.000432,2000s
Peru,PER,1967,0.70443564,0.061418898,0.019594924,6204253758.57616,South America,33304756,-0.267,0.061419,1960s
Burundi,BDI,1968,0.052615706,0.0121217333333333,0.0032825819,183200000.0,Africa,12220227,-0.287,0.012122,1960s
Andorra,AND,1962,0.0015999128,3.664e-05,7.1312187e-05,78619206.0850963,Europe,77700,0.121,3.7e-05,1960s
Malawi,MWI,1961,0.053806217,0.015542278,0.0023919605,174576508.469831,Africa,19377061,0.334,0.015542,1960s
Denmark,DNK,1979,0.43595063,0.0622332166666667,0.029342228,70366241969.2074,Europe,5825641,-1.197,0.062233,1970s
Tunisia,TUN,1992,0.27306633,0.015806977,0.0089283426,15497286295.7938,Africa,12161723,-0.143,0.015807,1990s
Finland,FIN,1972,0.75459598,0.0457793096666667,0.02393564,14743186119.8738,Europe,5529468,0.936,0.045779,1970s
Tunisia,TUN,1965,0.14362503,0.0039503896666666,0.0059406062,991047619.047619,Africa,12161723,-0.022,0.00395,1960s
New Zealand,NZL,1986,1.3853788,0.0321304086666667,0.054827829,30604668356.5695,Oceania,5061133,0.365,0.03213,1980s
Ghana,GHA,2003,0.3761147,0.0452631933333333,0.01473064,7632406552.83803,Africa,32180401,1.001,0.045263,2000s
Burkina Faso,BFA,1981,0.24865021,0.0128801813333333,0.011887329,1775842026.4121,Africa,21522626,0.282,0.01288,1980s
Seychelles,SYC,1963,0.00063978593,7.328e-06,9.435871e-06,13923029.2643975,Africa,105530,-0.116,7e-06,1960s
Dominica,DMA,1963,0.00095208985,0.0001490026666666,1.8486948e-05,45872947.4074074,North America,71995,0.125,0.000149,1960s
Latvia,LVA,1996,0.10088776,0.0043505943333333,0.0053047251,5975248851.45482,Europe,1897052,-0.425,0.004351,1990s
Seychelles,SYC,1994,0.001697919,0.00020152,5.3947836e-05,486451204.557142,Africa,105530,0.374,0.000202,1990s
Senegal,SEN,1969,0.21890176,0.0036533973333333,0.010643439,1245234806.89546,Africa,16436119,0.719,0.003653,1960s
Afghanistan,AFG,2002,0.44797428,0.005884355,0.011904627,4055179566.34981,Asia,38972230,1.399,0.005884,2000s
Samoa,WSM,1974,0.0034972964,0.0004347946666666,8.8385982e-05,121221651.619316,Oceania,214929,-0.425,0.000435,1970s
Cameroon,CMR,2003,0.79379278,0.0308367026666667,0.023726207,15970315751.0277,Africa,26491087,0.895,0.030837,2000s
Grenada,GRD,2008,0.0018654544,0.000252816,4.664897e-05,825976037.037037,North America,123663,0.779,0.000253,2000s
Trinidad and Tobago,TTO,1984,0.15725406,0.0168204623333333,0.0006617263,7757083333.33333,North America,1518147,0.174,0.01682,1980s
Andorra,AND,1998,0.0033679399,0.000509296,0.00019273449,1211932397.81713,Europe,77700,1.013,0.000509,1990s
Andorra,AND,1966,0.0016313965,1.832e-05,9.0993981e-05,78619206.0850963,Europe,77700,0.412,1.8e-05,1960s
Haiti,HTI,2013,0.35466528,0.0056618766666666,0.0058523136,14902474090.615,North America,11306801,0.929,0.005662,2010s
Gabon,GAB,1965,0.023383423,0.0133455093333333,0.00062576196,226474285.587116,Africa,2292573,-0.144,0.013346,1960s
South Africa,ZAF,1970,1.3835361,0.190960319333333,0.055947195,18418392640.3787,Africa,58801927,0.338,0.19096,1970s
Maldives,MDV,1997,0.0022362433,0.00032976,3.5319836e-05,508223602.378929,Asia,514438,0.411,0.00033,1990s
Croatia,HRV,2020,0.15695691,0.0143179413333333,0.0096141609,57203783203.0259,Europe,4096868,1.951,0.014318,2020s
Belgium,BEL,2009,0.70619079,0.108477370333333,0.030994501,481345929424.84,Europe,11561717,1.148,0.108477,2000s
Bangladesh,BGD,2002,3.0979315,0.041947323,0.080373426,54724081490.5102,Asia,167420951,0.527,0.041947,2000s
Nicaragua,NIC,1976,0.20462122,0.019149855,0.0061302443,1847871371.71429,North America,6755895,-0.101,0.01915,1970s
Grenada,GRD,1962,0.0013316118,6.2288e-05,2.1196819e-05,71494495.1851852,North America,123663,-0.014,6.2e-05,1960s
Albania,ALB,1988,0.15646014,0.007549062,0.004993881,2051236250.0,Europe,2866849,0.432,0.007549,1980s
Cuba,CUB,1990,0.58608893,0.05196218,0.022688253,28645436569.1489,North America,11300698,0.822,0.051962,1990s
Marshall Islands,MHL,1994,0.0,8.4272e-05,0.0,108071000.0,Oceania,43413,0.18,8.4e-05,1990s
Guinea,GIN,1962,0.15000356,0.0199077333333333,0.0077339894,1995186720.74733,Africa,13205153,-0.153,0.019908,1960s
Qatar,QAT,1967,0.075091357,0.006683136,0.00039637325,301791301.791302,Asia,2760385,-0.453,0.006683,1960s
Equatorial Guinea,GNQ,1975,0.0033463443,0.0006363146666666,5.2088639e-05,104295643.388437,Africa,1596049,-0.17,0.000636,1970s
Botswana,BWA,1995,0.24130867,0.011948304,0.015644334,4730611067.02258,Africa,2546402,1.195,0.011948,1990s
Portugal,PRT,2018,0.39543422,0.0482836403333333,0.01175585,242194788533.537,Europe,10298192,0.841,0.048284,2010s
Guinea-Bissau,GNB,2008,0.059913478,0.002022528,0.002283085,868154708.520179,Africa,2015828,1.307,0.002023,2000s
Angola,AGO,1978,0.64900899,0.023756448,0.034417071,5934073603.54849,Africa,33428485,0.07,0.023756,1970s
Madagascar,MDG,1992,0.73834994,0.0515562743333333,0.027849565,3714967007.18602,Africa,28225177,0.405,0.051556,1990s
Hungary,HUN,2003,0.37965148,0.0559182036666667,0.032004243,85302003908.042,Europe,9750573,0.732,0.055918,2000s
Vanuatu,VUT,2004,0.013225061,0.002879904,0.00038305133,364996869.129618,Oceania,311685,0.448,0.00288,2000s
Malawi,MWI,1966,0.058642402,0.02080035,0.0026404624,260394792.104158,Africa,19377061,0.165,0.0208,1960s
Greece,GRC,1985,0.51100098,0.0618115536666667,0.028457188,47820851221.3175,Europe,10512232,-0.028,0.061812,1980s
Peru,PER,2008,1.1121947,0.104368502666667,0.028635044,120550599815.441,South America,33304756,0.605,0.104369,2000s
Tonga,TON,1996,0.003061108,4.0304e-05,0.00016241153,222100576.345483,Oceania,105254,0.252,4e-05,1990s
Cambodia,KHM,1985,0.42402441,0.0476588693333333,0.0065294519,2533727592.04165,Asia,16396860,0.232,0.047659,1980s
Mauritius,MUS,1995,0.021009412,0.001810016,0.0010320614,4040345933.2923,Africa,1297828,0.386,0.00181,1990s
Cape Verde,CPV,1967,0.0026423532,1.832e-05,8.8229497e-05,142246875.536716,Africa,582640,0.017,1.8e-05,1960s
Barbados,BRB,1996,0.0087798789,0.000822512,0.00024153166,2363645403.47039,North America,280693,0.595,0.000823,1990s
Israel,ISR,1998,0.20728521,0.056046408,0.0079447061,115999082655.72,Asia,8757489,0.948,0.056046,1990s
Austria,AUT,2011,0.41476432,0.0633834063333333,0.013767714,431120310088.82,Europe,8907777,1.377,0.063383,2010s
Botswana,BWA,1993,0.21100864,0.012281728,0.014120211,4160086253.1468,Africa,2546402,0.645,0.012282,1990s
Solomon Islands,SLB,1983,0.0041101358,0.0011199626666666,9.765245e-05,181096595.484052,Oceania,691191,0.169,0.00112,1980s
Haiti,HTI,1968,0.13514435,0.0032070433333333,0.0037107567,367968800.0,North America,11306801,-0.206,0.003207,1960s
Sweden,SWE,2005,0.48150373,0.065168007,0.043099919,392218088878.779,Europe,10368969,1.825,0.065168,2000s
Malaysia,MYS,1971,0.33334373,0.104354327333333,0.016171107,4244340333.51899,Asia,33199993,-0.261,0.104354,1970s
Burkina Faso,BFA,2015,0.71430939,0.014523785,0.031403855,11832159275.603,Africa,21522626,1.095,0.014524,2010s
Sweden,SWE,1972,0.52719087,0.080672825,0.025886272,48954145808.8359,Europe,10368969,0.801,0.080673,1970s
Estonia,EST,1999,0.098974752,0.0129995783333333,0.004121174,5756912265.75809,Europe,1329444,1.52,0.013,1990s
Cambodia,KHM,2018,0.92134139,0.0476328743333333,0.01681104,24571753583.4922,Asia,16396860,0.756,0.047633,2010s
Greece,GRC,2007,0.57734825,0.110185532,0.019446685,318497937311.799,Europe,10512232,1.148,0.110186,2000s
Argentina,ARG,1982,4.2449585,0.136266825333333,0.12320915,84307486836.724,South America,45036032,0.335,0.136267,1980s
Afghanistan,AFG,2017,0.62470732,0.0112114356666667,0.017913378,18753469630.2586,Asia,38972230,1.554,0.011211,2010s
Albania,ALB,1970,0.10529661,0.005571486,0.002868866,1857338011.85488,Europe,2866849,-0.109,0.005571,1970s
Libya,LBY,1993,1.2634034,0.0378045413333333,0.004552278,30657030223.3903,Africa,6653942,0.339,0.037805,1990s
Sao Tome and Principe,STP,2005,0.0019123359,0.000113584,4.5458583e-05,136450274.673234,Africa,218641,0.676,0.000114,2000s
Tunisia,TUN,1972,0.19016057,0.01110672,0.00749758,2237476420.03773,Africa,12161723,-0.51,0.011107,1970s
Grenada,GRD,2009,0.0018624879,0.000197856,4.8349e-05,771275555.555555,North America,123663,0.805,0.000198,2000s
Chad,TCD,1989,0.34104097,0.0059405653333333,0.017571058,1433686309.83642,Africa,16644701,-0.253,0.005941,1980s
Switzerland,CHE,2020,0.20259603,0.032592167,0.007939774,752248045730.11,Europe,8638613,2.519,0.032592,2020s
Seychelles,SYC,1989,0.00155395,0.000234496,4.3725508e-05,304832867.393246,Africa,105530,0.007,0.000234,1980s
Fiji,FJI,1979,0.024882397,0.0027661626666666,0.0010450851,1019743927.24662,Oceania,920422,0.15,0.002766,1970s
Zimbabwe,ZWE,1999,0.46627283,0.0417665956666667,0.02173503,6858013100.0,Africa,15669666,0.285,0.041767,1990s
Nigeria,NGA,2004,9.5504839,0.193558485333333,0.1016249,136385979322.437,Africa,208327405,0.758,0.193558,2000s
Fiji,FJI,1966,0.015397051,0.0008840653333333,0.00062308228,150603925.515853,Oceania,920422,-0.351,0.000884,1960s
Aruba,ABW,1976,0.0007721401,0.001219127,5.5386163e-06,405463417.11746,North America,106585,-0.37,0.001219,1970s
Samoa,WSM,1964,0.0028167584,0.0005508213333333,6.9266282e-05,121221651.619316,Oceania,214929,0.113,0.000551,1960s
Nepal,NPL,2006,0.91241949,0.0108226023333333,0.017746431,9043715355.8881,Asia,29348627,0.969,0.010823,2000s
Oman,OMN,1977,0.26932737,0.00853712,0.0012137221,2741169947.88651,Asia,4543399,0.625,0.008537,1970s
Pakistan,PAK,1983,2.8271185,0.0587574423333333,0.074217903,28691889763.7795,Asia,227196741,-0.436,0.058757,1980s
Kenya,KEN,1990,1.0115263,0.0792847556666667,0.035962031,8572359162.85631,Africa,51985780,-0.038,0.079285,1990s
Mauritius,MUS,1969,0.015914611,0.000553264,0.00057436644,704033525.405972,Africa,1297828,0.223,0.000553,1960s
Seychelles,SYC,2018,0.002445049,0.000600896,7.995354e-05,1547690759.44363,Africa,105530,0.738,0.000601,2010s
Chad,TCD,2012,1.4637586,0.0399780073333333,0.06240404,12367363677.6199,Africa,16644701,0.511,0.039978,2010s
Djibouti,DJI,1965,0.0058166382,7.20586666666667e-05,0.00026092555,340989527.967995,Africa,1090156,-0.386,7.2e-05,1960s
Lesotho,LSO,1961,0.035427355,0.0014778133333333,0.0017175097,35699286.0142797,Africa,2254100,0.325,0.001478,1960s
Iraq,IRQ,1983,1.7111793,0.0394788496666667,0.013991748,40712903225.8064,Asia,42556984,-0.811,0.039479,1980s
Morocco,MAR,1994,0.64658143,0.0425477476666667,0.020396673,35604137422.5796,Africa,36688772,0.902,0.042548,1990s
Afghanistan,AFG,1980,0.41973231,0.005456942,0.012205813,3641723321.99546,Asia,38972230,0.598,0.005457,1980s
Greece,GRC,1961,0.38094049,0.0138510403333333,0.016214091,4961400439.31722,Europe,10512232,0.459,0.013851,1960s
Syria,SYR,1964,0.17296947,0.007255828,0.0048409251,1339494267.01571,Asia,20772595,-0.685,0.007256,1960s
Romania,ROU,1972,1.4143325,0.138385306333333,0.059717543,38413636363.6364,Europe,19442038,0.397,0.138385,1970s
Trinidad and Tobago,TTO,2013,0.69268281,0.0453717576666667,0.0010931248,27268478564.5547,North America,1518147,1.311,0.045372,2010s
Benin,BEN,2016,0.25060982,0.020563774,0.0091383137,11821066152.5979,Africa,12643123,1.071,0.020564,2010s
Palau,PLW,2006,0.0024238034,0.000227168,0.00013958583,192382400.0,Oceania,17972,0.468,0.000227,2000s
Uruguay,URY,1998,0.77664855,0.003000678,0.023649315,25385928188.7719,South America,3429086,0.18,0.003001,1990s
Barbados,BRB,2010,0.007311517,0.0014395813333333,0.00023635705,4530000000.0,North America,280693,1.428,0.00144,2010s
Jordan,JOR,1972,0.030344522,0.002060158,0.001521793,788574628.955475,Asia,10928721,-0.607,0.00206,1970s
Chad,TCD,1974,0.25366232,0.0043516106666666,0.012983268,652532796.066703,Africa,16644701,-0.015,0.004352,1970s
Fiji,FJI,2003,0.037662863,0.0015144533333333,0.0012398135,2300453634.34962,Oceania,920422,0.723,0.001514,2000s
Aruba,ABW,2007,0.002348236,0.00282128,5.609283e-05,2615083798.88268,North America,106585,1.071,0.002821,2000s
Tunisia,TUN,2007,0.37936292,0.0251254563333333,0.010736621,38914078351.8027,Africa,12161723,1.221,0.025125,2000s
Brunei Darussalam,BRN,2003,0.21930533,0.005496085,0.00043801691,6557333084.60567,Asia,441725,0.828,0.005496,2000s
Kuwait,KWT,2002,0.93292323,0.058054319,0.0024476335,38137545245.1464,Asia,4360444,1.452,0.058054,2000s
Aruba,ABW,1999,0.0029699521,0.000809744,4.6663215e-05,1722798882.68156,North America,106585,0.512,0.00081,1990s
Mauritius,MUS,1974,0.01712549,0.000674176,0.00056497549,704033525.405972,Africa,1297828,-0.685,0.000674,1970s
Liechtenstein,LIE,1990,0.0010874708,0.000198971,2.5942837e-05,1421466239.56234,Europe,38756,1.324,0.000199,1990s
Antigua and Barbuda,ATG,1969,0.0022774402,0.001275072,4.7880224e-05,77496753.7037037,North America,92664,0.262,0.001275,1960s
Tunisia,TUN,1977,0.21303825,0.0093623363333333,0.008389607,5109324009.32401,Africa,12161723,0.494,0.009362,1970s
Guinea,GIN,1971,0.16883742,0.0070666346666666,0.0081811772,1995186720.74733,Africa,13205153,-0.14,0.007067,1970s
El Salvador,SLV,2011,0.13785213,0.0067314583333333,0.0049575106,20283780000.0,North America,6292731,0.436,0.006731,2010s
Somalia,SOM,1987,0.73142457,0.0059881973333333,0.024519348,1009792724.39772,Africa,16537016,0.878,0.005988,1980s
Brunei Darussalam,BRN,1964,0.0023059382,0.0010246986666666,0.00020950494,114040245.655299,Asia,441725,-0.004,0.001025,1960s
Eritrea,ERI,2009,0.15694832,0.001523234,0.0054615004,1856695551.21951,Africa,3555868,1.711,0.001523,2000s
Norway,NOR,1972,0.27539418,0.0295904123333333,0.02888501,17358610849.701,Europe,5379839,0.938,0.02959,1970s
Norway,NOR,1967,0.27652478,0.020513357,0.028847042,9514496703.39762,Europe,5379839,0.56,0.020513,1960s
Kenya,KEN,2000,1.0490158,0.030102836,0.033518486,12705357103.0056,Africa,51985780,0.537,0.030103,2000s
Paraguay,PRY,1999,0.66704282,0.076703283,0.021821323,8837070235.51892,South America,6618695,0.145,0.076703,1990s
Malawi,MWI,1986,0.10265086,0.010807651,0.0045145726,1183654827.79002,Africa,19377061,0.187,0.010808,1980s
Burkina Faso,BFA,1997,0.40210818,0.0184400603333333,0.019257766,2447668984.53131,Africa,21522626,0.617,0.01844,1990s
Vanuatu,VUT,2018,0.017480658,-0.0002393813333333,0.00050499722,914727908.137793,Oceania,311685,0.452,-0.000239,2010s
Hungary,HUN,1965,0.47415258,0.0590113053333333,0.02922326,34753569692.915,Europe,9750573,-0.879,0.059011,1960s
Albania,ALB,1981,0.13825672,0.008182342,0.00453651,1857338011.85488,Europe,2866849,-0.296,0.008182,1980s
Chile,CHL,2006,0.91291767,0.0758328973333333,0.025433446,154788024805.865,South America,19300315,0.366,0.075833,2000s
Bahrain,BHR,2020,1.0348402,0.03760275,0.00094680919,34729228723.4043,Asia,1477469,2.007,0.037603,2020s
Benin,BEN,1968,0.074216953,0.016605248,0.0033345745,326323097.355964,Africa,12643123,-0.086,0.016605,1960s
Peru,PER,1978,0.83383625,0.0683836856666667,0.020990186,12495779622.071,South America,33304756,0.151,0.068384,1970s
Namibia,NAM,2004,0.19234026,0.0068932053333333,0.011729108,6609198832.76313,Africa,2489098,0.821,0.006893,2000s
Guatemala,GTM,2005,0.42239477,0.0487370576666667,0.012533039,26783543667.064,North America,17362718,0.902,0.048737,2000s
Estonia,EST,2004,0.1049534,0.0155957913333333,0.004352876,12145911801.2422,Europe,1329444,1.172,0.015596,2000s
Central African Republic,CAF,2008,0.47384863,0.0128667466666667,0.033989428,1985240986.18508,Africa,5343020,0.387,0.012867,2000s
Burkina Faso,BFA,2013,0.68743359,0.01671376,0.030851306,13444301139.1384,Africa,21522626,0.816,0.016714,2010s
Mauritania,MRT,1981,0.14308849,0.001000109,0.0056446415,1105495368.38146,Africa,4498604,0.848,0.001,1980s
Syria,SYR,1980,0.45007003,0.0213251413333333,0.011276949,13062420382.1656,Asia,20772595,-0.199,0.021325,1980s
Djibouti,DJI,2016,0.040634507,0.0003923473333333,0.0009553363,2603540256.91955,Africa,1090156,1.187,0.000392,2010s
Iceland,ISL,1977,0.022234455,0.0022446353333333,0.0016376374,2208509076.28099,Europe,366669,-0.355,0.002245,1970s
Cape Verde,CPV,1975,0.0025614206,7.6944e-05,7.79411e-05,142246875.536716,Africa,582640,-0.4885,7.7e-05,1970s
Botswana,BWA,1997,0.25472136,0.010860096,0.017368066,5020214747.45261,Africa,2546402,0.021,0.01086,1990s
Cameroon,CMR,2007,0.73284616,0.03475862,0.021244716,23928251333.7444,Africa,26491087,0.597,0.034759,2000s
Maldives,MDV,2005,0.0032626123,0.000600896,6.3006782e-05,1163362437.5,Asia,514438,0.823,0.000601,2000s
Norway,NOR,1985,0.43818023,0.0351923916666667,0.024778664,65416879914.3907,Europe,5379839,-0.583,0.035192,1980s
Malawi,MWI,1996,0.12567229,0.0145037113333333,0.0052734561,2281034131.36493,Africa,19377061,0.587,0.014504,1990s
Mongolia,MNG,1964,0.29666006,0.027032992,0.02558816,2310099100.0,Asia,3294335,-0.188,0.027033,1960s
Albania,ALB,2019,0.10219491,0.0048131383333333,0.0037862697,15400242874.8812,Europe,2866849,1.787,0.004813,2010s
Kenya,KEN,1993,1.0105884,0.0574618266666667,0.034400294,5751789915.05363,Africa,51985780,0.036,0.057462,1990s
Comoros,COM,2008,0.015757557,0.00014656,0.00020319671,915659192.825112,Africa,806166,0.383,0.000147,2000s
Kuwait,KWT,2015,1.2681949,0.092466075,0.00358413,114567298105.683,Asia,4360444,2.097,0.092466,2010s
Slovenia,SVN,1997,0.14146021,0.0153832233333333,0.0031590318,20763101740.6963,Europe,2117641,0.458,0.015383,1990s
Chad,TCD,1983,0.35389899,0.002733344,0.018874521,832415805.956327,Africa,16644701,-0.051,0.002733,1980s
Samoa,WSM,2010,0.0068767841,-8.54933333333333e-05,0.00017365549,663155954.963744,Oceania,214929,1.026,-8.5e-05,2010s
Equatorial Guinea,GNQ,2009,0.40993524,0.008797264,0.00020456766,15027795173.2187,Africa,1596049,0.744,0.008797,2000s
Libya,LBY,2003,1.3820772,0.0483987806666667,0.005288458,26265625000.0,Africa,6653942,0.959,0.048399,2000s
Myanmar,MMR,1974,1.5623648,0.0678871303333333,0.030339403,1000557949.57082,Asia,53423198,-0.248,0.067887,1970s
Uganda,UGA,1997,0.52368335,0.0226917593333333,0.023247735,6269333313.17108,Africa,44404611,0.827,0.022692,1990s
Mauritius,MUS,1985,0.018779532,0.000688832,0.00072421494,1076121094.38239,Africa,1297828,-0.098,0.000689,1980s
Tuvalu,TUV,2008,0.00031788134,1.0992e-05,4.210476e-06,30290219.7617849,Oceania,11069,0.524,1.1e-05,2000s
Trinidad and Tobago,TTO,1983,0.14960498,0.0156282383333333,0.00063411304,7763750000.0,North America,1518147,0.543,0.015628,1980s
Haiti,HTI,2009,0.32623179,0.009546061,0.0056489727,11597014807.3496,North America,11306801,0.732,0.009546,2000s
Lesotho,LSO,1997,0.051026085,0.0021483253333333,0.002243594,997996028.645833,Africa,2254100,0.184,0.002148,1990s
Central African Republic,CAF,1969,0.1993274,0.0095178506666666,0.015930616,188039191.323608,Africa,5343020,0.12,0.009518,1960s
Mauritania,MRT,1979,0.1319902,-9.16000000000001e-05,0.0051521173,951900945.200283,Africa,4498604,0.933,-9.2e-05,1970s
Bosnia and Herzegovina,BIH,2017,0.19214273,0.0227302006666667,0.005000904,18079075770.6713,Europe,3318407,1.416,0.02273,2010s
Lesotho,LSO,2016,0.0594277,0.0047534293333333,0.0021911501,2114323793.98266,Africa,2254100,1.74,0.004753,2010s
Turkmenistan,TKM,2020,1.7789093,0.0743686906666667,0.014074342,358744800.0,Asia,6250438,1.54,0.074369,2020s
Comoros,COM,1985,0.0095093491,0.000267472,0.00015096657,196726077.061972,Africa,806166,-0.13349999999999998,0.000267,1980s
Romania,ROU,1985,1.7231593,0.202138711666667,0.076010923,38413636363.6364,Europe,19442038,-1.17,0.202139,1980s
Colombia,COL,1973,1.8577418,0.125780356,0.047211101,10315760000.3394,South America,50930662,0.376,0.12578,1970s
Grenada,GRD,1990,0.0015626155,-3.664e-06,3.2536455e-05,278098762.962963,North America,123663,0.514,-4e-06,1990s
Guinea,GIN,2010,0.5419542,0.0188866986666667,0.01675007,6853467857.61127,Africa,13205153,1.308,0.018887,2010s
Sierra Leone,SLE,1996,0.089211071,0.0054862293333333,0.0021345849,941742152.709895,Africa,8233969,0.553,0.005486,1990s
Malawi,MWI,2009,0.19112105,0.0240173896666667,0.0089144778,6191127665.1963,Africa,19377061,0.559,0.024017,2000s
Georgia,GEO,2016,0.12218436,0.00391216,0.0072068126,15141758566.7808,Asia,3765912,1.301,0.003912,2010s
Burkina Faso,BFA,2020,0.81018152,0.014219231,0.034762461,17933606353.1775,Africa,21522626,1.026,0.014219,2020s
Uganda,UGA,1964,0.24506835,0.0562811856666667,0.012950833,589056603.773585,Africa,44404611,-0.258,0.056281,1960s
Jamaica,JAM,2008,0.0384219,0.014626835,0.0016945007,13709402085.3206,North America,2820436,0.484,0.014627,2000s
Sierra Leone,SLE,1999,0.086752421,0.007302352,0.0020045384,669384768.87263,Africa,8233969,0.546,0.007302,1990s
Trinidad and Tobago,TTO,1966,0.089920991,0.0037706153333333,0.00040505777,723735635.536371,North America,1518147,0.11,0.003771,1960s
Turkmenistan,TKM,2001,1.1065614,0.040810649,0.00802135,3534803921.56863,Asia,6250438,1.564,0.040811,2000s
Nauru,NRU,2000,0.00010395306,8.4272e-05,1.6653079e-06,47564520.3910861,Oceania,12315,-0.833,8.4e-05,2000s
Kiribati,KIR,1961,0.00024702068,7.328e-06,6.3697221e-06,14295279.5446937,Oceania,126463,-0.038,7e-06,1960s
Liberia,LBR,2000,0.048197796,0.0179151316666667,0.00095892375,874000000.0,Africa,5087584,0.47,0.017915,2000s
Bahrain,BHR,1997,0.61443677,0.017288859,0.000438083,6349202393.61702,Asia,1477469,0.241,0.017289,1990s
Gabon,GAB,1990,0.47213671,0.0066709116666666,0.0012355662,5952293765.84468,Africa,2292573,0.085,0.006671,1990s
Botswana,BWA,1967,0.11273889,0.0023693866666666,0.0082377093,58646443.5146444,Africa,2546402,-0.432,0.002369,1960s
Lebanon,LBN,1977,0.043318819,0.0053977223333333,0.0013317874,3313540067.93246,Asia,5662923,0.082,0.005398,1970s
Belarus,BLR,2003,0.50959414,0.049408787,0.040587354,17827791321.3067,Europe,9633740,0.061,0.049409,2000s
Costa Rica,CRI,1970,0.11425398,0.0243196676666667,0.0039664188,984830158.490566,North America,5123105,-0.388,0.02432,1970s
Singapore,SGP,1997,0.086552412,0.0570668,0.0088338817,100124191810.345,Asia,5909869,0.077,0.057067,1990s
Malaysia,MYS,1982,0.54955382,0.134675113333333,0.019350276,26804401815.5348,Asia,33199993,0.218,0.134675,1980s
Cuba,CUB,1998,0.56736065,0.032098282,0.016602068,25736331200.0,North America,11300698,0.98,0.032098,1990s
Afghanistan,AFG,2011,0.65236796,0.013010796,0.016309487,17805113118.8938,Asia,38972230,1.402,0.013011,2010s
Oman,OMN,1986,0.46810903,0.0099592266666666,0.0012357248,7323822251.3089,Asia,4543399,0.102,0.009959,1980s
Barbados,BRB,1992,0.0089328163,0.000973443,0.00024438347,1957000000.0,North America,280693,0.562,0.000973,1990s
Angola,AGO,1966,0.51135701,0.0429312393333333,0.029422271,5934073603.54849,Africa,33428485,0.18,0.042931,1960s
Singapore,SGP,1968,0.030858173,0.0052922283333333,0.0069415148,1425715405.72325,Asia,5909869,0.026000000000000023,0.005292,1960s
Algeria,DZA,2020,3.2012753,0.173310557,0.031547013,145009181490.62,Africa,43451666,1.881,0.173311,2020s
Tuvalu,TUV,1964,0.00013444388,0.0,1.4924762e-06,8824447.74022325,Oceania,11069,-0.046,0.0,1960s
Afghanistan,AFG,1978,0.42349066,0.0061348466666666,0.01243983,3300000108.88889,Asia,38972230,0.072,0.006135,1970s
Ireland,IRL,1993,0.68957287,0.0209412173333333,0.034512417,52417477613.676,Europe,4946119,0.04,0.020941,1990s
North Macedonia,MKD,1997,0.073929945,0.0093077813333333,0.0027523132,3912986090.97363,Europe,2111072,-0.067,0.009308,1990s
Guinea-Bissau,GNB,1961,0.02568373,0.0012506453333333,0.0012625515,78733594.8411852,Africa,2015828,-0.104,0.001251,1960s
Cape Verde,CPV,1962,0.0021146923,5.493e-05,6.9319968e-05,142246875.536716,Africa,582640,0.08,5.5e-05,1960s
Niger,NER,1971,0.32348297,-0.003579847,0.013616408,693573595.320975,Africa,24333639,-0.106,-0.00358,1970s
Kiribati,KIR,1975,0.00037405673,3.2976e-05,9.0286555e-06,55081816.9917528,Oceania,126463,-0.206,3.3e-05,1970s
Chile,CHL,2020,0.8353715,0.0929815866666667,0.025873701,252940023046.007,South America,19300315,0.652,0.092982,2020s
Eritrea,ERI,2003,0.14315388,0.001773033,0.0051788051,870247703.182758,Africa,3555868,0.628,0.001773,2000s
Peru,PER,1995,0.93975002,0.0987791416666667,0.02286138,53312793687.3836,South America,33304756,0.737,0.098779,1990s
Dominican Republic,DOM,1991,0.27336311,0.010234446,0.0071398821,9824498183.03263,North America,10999664,0.334,0.010234,1990s
Costa Rica,CRI,1966,0.099211609,0.0208024956666667,0.0031279874,647305630.188679,North America,5123105,0.203,0.020802,1960s
Cape Verde,CPV,2004,0.0060911719,0.000479984,0.00032632017,924318490.7598,Africa,582640,1.363,0.00048,2000s
Austria,AUT,1979,0.55518966,0.0529796193333333,0.02286289,73937296963.4586,Europe,8907777,-0.117,0.05298,1970s
Antigua and Barbuda,ATG,1982,0.0029428928,0.00025648,7.1326984e-05,164369278.888889,North America,92664,0.199,0.000256,1980s
Equatorial Guinea,GNQ,2012,0.4251368,0.008512848,0.0001974225,22388344123.9916,Africa,1596049,0.535,0.008513,2010s
Costa Rica,CRI,1991,0.18064382,0.0065610873333333,0.0061591969,7196276092.46876,North America,5123105,0.526,0.006561,1990s
Cambodia,KHM,1994,0.52734871,0.023848976,0.010333939,2791435272.26653,Asia,16396860,0.391,0.023849,1990s
Colombia,COL,1994,2.5622391,0.122544442666667,0.06240769,81703500846.0364,South America,50930662,0.315,0.122544,1990s
Philippines,PHL,2011,2.9407491,0.151514298666667,0.041242563,234216930369.373,Asia,112190977,0.472,0.151514,2010s
Nepal,NPL,1986,0.6985436,0.015059894,0.013111807,2850784523.37711,Asia,29348627,-0.052,0.01506,1980s
Malta,MLT,1980,0.00332738,0.0009367626666666,0.0001464604,1250242107.87969,Europe,515357,-0.49,0.000937,1980s
Turkmenistan,TKM,1997,0.46507683,0.038727192,0.005385465,2450374944.86105,Asia,6250438,1.41,0.038727,1990s
Kiribati,KIR,1994,0.00061512071,2.9312e-05,1.1913161e-05,54832577.8622606,Oceania,126463,0.166,2.9e-05,1990s
Vanuatu,VUT,2011,0.016243696,0.0001196906666666,0.0004804692,770153304.153832,Oceania,311685,0.657,0.00012,2010s
Costa Rica,CRI,2002,0.15395809,0.0074056666666666,0.0045112983,16578820687.2209,North America,5123105,0.931,0.007406,2000s
Thailand,THA,1989,3.2359933,0.175105630333333,0.050598199,72250877410.3183,Asia,71475664,0.289,0.175106,1980s
Georgia,GEO,2000,0.12951773,0.0007020413333333,0.0067444632,3057475335.18846,Asia,3765912,0.945,0.000702,2000s
Cameroon,CMR,1974,0.20375029,0.0432074686666667,0.009369155,2157415245.73471,Africa,26491087,-0.092,0.043207,1970s
Iceland,ISL,1962,0.018548362,0.002590062,0.0013308639,284916516.159537,Europe,366669,-0.195,0.00259,1960s
Iraq,IRQ,1985,2.3099636,0.0453811303333333,0.015538872,48425161290.3226,Asia,42556984,0.021,0.045381,1980s
New Zealand,NZL,1995,1.3523647,0.0142879186666667,0.051879126,63918703506.9075,Oceania,5061133,0.122,0.014288,1990s
Croatia,HRV,2001,0.16171083,0.011918424,0.0081986957,23273640257.1968,Europe,4096868,1.581,0.011918,2000s
Malta,MLT,1963,0.0025721151,0.0003248746666666,9.9675516e-05,250721821.553678,Europe,515357,-0.155,0.000325,1960s
Ghana,GHA,1981,0.22003193,0.0217284723333333,0.0095611311,4222441614.97432,Africa,32180401,0.206,0.021728,1980s
Turks and Caicos Islands,TCA,2019,0.00044707178,0.000399376,1.1309836e-05,1197415000.0,North America,44276,0.194,0.000399,2010s
Timor-Leste,TLS,1989,0.015589718,0.00472656,0.00037092891,367087900.0,Asia,1299995,-0.5537500000000001,0.004727,1980s
Burkina Faso,BFA,1987,0.30299262,0.0222685706666667,0.014986659,2369834650.08921,Africa,21522626,1.021,0.022269,1980s
Tonga,TON,1961,0.0012616182,0.000230832,5.3875693e-05,32506741.7201204,Oceania,105254,0.403,0.000231,1960s
Suriname,SUR,1998,0.032711616,0.0041807206666666,0.00075303799,1110850000.0,South America,607065,1.603,0.004181,1990s
Mozambique,MOZ,1961,0.31837554,0.04047901,0.018855459,3633406064.83095,Africa,31178239,0.396,0.040479,1960s
Senegal,SEN,1986,0.23922373,0.003222686,0.011321629,5392093507.64824,Africa,16436119,0.474,0.003223,1980s
Botswana,BWA,1996,0.26465052,0.0114267946666667,0.018349454,4847752842.78924,Africa,2546402,-0.242,0.011427,1990s
Chile,CHL,2000,0.90519474,0.06725552,0.023136363,77860932151.9302,South America,19300315,-0.312,0.067256,2000s
Poland,POL,1964,3.9591002,0.201868106666667,0.096337331,65977749036.9844,Europe,38428366,-0.712,0.201868,1960s
Somalia,SOM,1971,0.52080306,0.003411184,0.01789508,331102742.193418,Africa,16537016,-0.283,0.003411,1970s
Singapore,SGP,2003,0.11663434,0.0497558986666667,0.0046667711,97645448283.7791,Asia,5909869,0.077,0.049756,2000s
Croatia,HRV,2007,0.19925502,0.0191958743333333,0.011145836,60542673502.5324,Europe,4096868,1.951,0.019196,2000s
Fiji,FJI,1997,0.039047953,0.0023520183333333,0.0014586429,2090184941.46983,Oceania,920422,0.318,0.002352,1990s
Sri Lanka,LKA,1995,0.42083737,0.014900997,0.0077958136,13029697560.9756,Asia,21715079,0.544,0.014901,1990s
Djibouti,DJI,2017,0.041554507,0.0004161856666666,0.0009679339,2751445573.68009,Africa,1090156,1.385,0.000416,2010s
Portugal,PRT,1976,0.34823309,0.0233272693333333,0.014494575,20332831564.9867,Europe,10298192,-0.38,0.023327,1970s
Nepal,NPL,1985,0.6971348,0.0143549513333333,0.012982131,2619913955.51556,Asia,29348627,0.352,0.014355,1980s
Seychelles,SYC,1996,0.0017322799,0.000234496,5.5770475e-05,503068472.20266,Africa,105530,0.037,0.000234,1990s
Nicaragua,NIC,1985,0.19681688,0.0244329426666667,0.0063536395,2683816288.7907,North America,6755895,-0.068,0.024433,1980s
Colombia,COL,2018,3.1948917,0.169556719,0.072529759,334198214706.209,South America,50930662,1.288,0.169557,2010s
Myanmar,MMR,1990,1.7940474,0.0934785456666667,0.038019938,2036373522.69939,Asia,53423198,0.197,0.093479,1990s
Guinea,GIN,1984,0.20717834,0.000428688,0.0091933387,1995186720.74733,Africa,13205153,0.439,0.000429,1980s
Aruba,ABW,1966,0.00066779316,0.000553944,4.1251835e-06,405463417.11746,North America,106585,-0.004,0.000554,1960s
Burundi,BDI,1985,0.060559093,0.0051528053333333,0.0033409376,1149979285.77347,Africa,12220227,0.6466666666666666,0.005153,1980s
Mexico,MEX,1975,3.2126828,0.191191572333333,0.096095111,88000000000.0,North America,125998302,-0.316,0.191192,1970s
Zambia,ZMB,2016,0.70964975,0.0579106686666667,0.052789268,20958412538.3093,Africa,18927715,1.286,0.057911,2010s
Tuvalu,TUV,1980,0.00016293062,0.0,1.8639024e-06,8824447.74022325,Oceania,11069,0.446,0.0,1980s
Seychelles,SYC,1986,0.0015190327,0.00016488,3.626058e-05,207850623.637094,Africa,105530,0.261,0.000165,1980s
Qatar,QAT,1982,0.31082055,0.012389869,0.00038077557,7596703214.28571,Asia,2760385,-0.21,0.01239,1980s
Maldives,MDV,2020,0.0064877792,0.002061136,0.00019979444,3742769967.42798,Asia,514438,0.844,0.002061,2020s
New Zealand,NZL,1993,1.2851119,0.0166714783333333,0.049013795,46775620817.4327,Oceania,5061133,-0.385,0.016671,1990s
Togo,TGO,1963,0.04447542,0.0022558026666666,0.0018126094,143255784.510751,Africa,8442580,0.1,0.002256,1960s
Bosnia and Herzegovina,BIH,1994,0.097456612,0.000896632,0.002404157,1255802469.1358,Europe,3318407,1.706,0.000897,1990s
Zimbabwe,ZWE,1997,0.42982956,0.0387416906666667,0.02004205,8529571600.0,Africa,15669666,0.229,0.038742,1990s
Liberia,LBR,1980,0.029057801,0.0050664646666666,0.0010443753,874000000.0,Africa,5087584,0.374,0.005066,1980s
Myanmar,MMR,2007,2.8472603,0.181134378333333,0.055389505,15591182544.7092,Asia,53423198,0.489,0.181134,2000s
Greece,GRC,1999,0.56819857,0.0961150283333333,0.023394467,142540728744.939,Europe,10512232,0.864,0.096115,1990s
Zimbabwe,ZWE,1971,0.32542688,0.0207262123333333,0.015242884,2178716300.0,Africa,15669666,-0.031,0.020726,1970s
Malta,MLT,1968,0.003220133,0.0005398293333333,0.0001133744,250721821.553678,Europe,515357,-0.001,0.00054,1960s
Paraguay,PRY,2014,0.97869909,0.0941392433333333,0.032809895,40377987208.689,South America,6618695,1.294,0.094139,2010s
Chad,TCD,2009,1.250939,0.022995264,0.052608275,9290728773.35723,Africa,16644701,1.214,0.022995,2000s
Ireland,IRL,2018,0.71120027,0.0259563146666667,0.032217199,384853685231.018,Europe,4946119,0.778,0.025956,2010s
Aruba,ABW,2017,0.0011678083,0.000890352,5.7235069e-05,3092430167.59777,North America,106585,1.247,0.00089,2010s
Botswana,BWA,1974,0.13477575,0.001846656,0.0083785445,306033848.417954,Africa,2546402,-0.712,0.001847,1970s
Andorra,AND,1980,0.0023297594,0.0,0.00015687068,446416105.825017,Europe,77700,-0.24,0.0,1980s
Somalia,SOM,2012,0.84396311,0.017169504,0.023143645,4574495666.99486,Africa,16537016,0.525,0.01717,2010s
Syria,SYR,1987,0.60627882,0.0335490536666667,0.013802159,32538089171.9745,Asia,20772595,-0.194,0.033549,1980s
Cape Verde,CPV,2017,0.0068152038,0.000542272,0.00026698501,1768319144.00218,Africa,582640,1.785,0.000542,2010s
Malawi,MWI,1982,0.091463995,0.0084200946666666,0.0043806658,1180104216.01137,Africa,19377061,-0.006,0.00842,1980s
Myanmar,MMR,1992,1.8677738,0.104844688333333,0.038961873,2216073327.6884,Asia,53423198,0.057,0.104845,1990s
Cambodia,KHM,1963,0.531752,0.0288454506666667,0.0065236203,728571437.142857,Asia,16396860,-0.285,0.028845,1960s
Libya,LBY,1967,1.9010628,0.0172708746666667,0.0021065882,28901836158.1921,Africa,6653942,-0.497,0.017271,1960s
Senegal,SEN,2002,0.30953463,0.0052185783333333,0.014123967,7006402592.45463,Africa,16436119,1.421,0.005219,2000s
Dominican Republic,DOM,1985,0.25372883,0.0118826096666667,0.0059707606,5044592944.80499,North America,10999664,0.042,0.011883,1980s
Solomon Islands,SLB,1989,0.0033581747,0.001150496,7.8319993e-05,172681320.835169,Oceania,691191,-0.053,0.00115,1980s
Singapore,SGP,2009,0.13539037,0.043422064,0.0025323261,194152286008.938,Asia,5909869,0.077,0.043422,2000s
New Zealand,NZL,1962,1.019373,0.0550075186666667,0.040892544,6077496267.76294,Oceania,5061133,0.591,0.055008,1960s
Qatar,QAT,2007,1.5654589,0.062937232,0.0013389949,79712087912.0879,Asia,2760385,0.946,0.062937,2000s
Greece,GRC,1980,0.50052317,0.054845815,0.024963104,56829664268.5851,Europe,10512232,-0.347,0.054846,1980s
Nauru,NRU,2001,0.00010677523,8.0608e-05,1.7784776e-06,47564520.3910861,Oceania,12315,-0.833,8.1e-05,2000s
Namibia,NAM,1987,0.15942224,0.0014167466666666,0.010436687,2300105497.12572,Africa,2489098,0.978,0.001417,1980s
Zimbabwe,ZWE,2020,0.48273876,0.0187908303333333,0.019185631,18051170798.941,Africa,15669666,0.527,0.018791,2020s
Palau,PLW,2013,0.0010897916,0.000227168,0.00015073117,221117200.0,Oceania,17972,0.539,0.000227,2010s
Latvia,LVA,1995,0.10257218,0.0053720753333333,0.0051888927,5789128636.62293,Europe,1897052,1.615,0.005372,1990s
Myanmar,MMR,2016,3.1415469,0.147597261333333,0.071587963,60291738934.7783,Asia,53423198,1.418,0.147597,2010s
Sierra Leone,SLE,1991,0.10684971,0.0055778293333333,0.0034703123,779981458.921489,Africa,8233969,0.602,0.005578,1990s
Barbados,BRB,1970,0.0077761802,0.0004531146666666,0.00019660854,311809337.474355,North America,280693,0.011,0.000453,1970s
Antigua and Barbuda,ATG,2015,0.0023663053,0.000479984,9.51236e-05,1336692592.59259,North America,92664,0.875,0.00048,2010s
Bangladesh,BGD,1984,2.4459984,0.0318183866666667,0.048324038,18920840000.0,Asia,167420951,-0.21,0.031818,1980s
Hungary,HUN,1973,0.51804077,0.0705170393333333,0.040971699,34753569692.915,Europe,9750573,-0.025,0.070517,1970s
Afghanistan,AFG,2009,0.56207279,0.0078819146666666,0.014131908,12416161048.8412,Asia,38972230,0.92,0.007882,2000s
Lesotho,LSO,1970,0.047225961,0.0010137066666666,0.0022946682,68738625.2274954,Africa,2254100,0.418,0.001014,1970s
Bangladesh,BGD,1961,1.8958701,0.0476629433333333,0.030921619,4817580183.60155,Asia,167420951,0.144,0.047663,1960s
Dominican Republic,DOM,1994,0.27467208,0.0153016726666667,0.0073117494,14644711384.8202,North America,10999664,0.438,0.015302,1990s
Pakistan,PAK,1975,2.2808488,0.0294044346666667,0.053948624,11230606060.6061,Asia,227196741,-0.595,0.029404,1970s
Algeria,DZA,2017,3.2196543,0.166399160666667,0.028177324,170097014589.134,Africa,43451666,1.431,0.166399,2010s
Trinidad and Tobago,TTO,1981,0.14645325,0.016802701,0.0005738811,6992083333.33333,North America,1518147,0.506,0.016803,1980s
Luxembourg,LUX,2001,0.024460088,0.0091586776666666,0.0012028931,21369028187.9195,Europe,630399,1.437,0.009159,2000s
Honduras,HND,2008,0.28445205,0.010841228,0.0078887305,13789443623.162,North America,10121763,0.402,0.010841,2000s
Brunei Darussalam,BRN,2000,0.20700202,0.0056291253333333,0.00041444271,6001153306.2645,Asia,441725,0.47,0.005629,2000s
Belarus,BLR,2016,0.59081467,0.056742163,0.091065016,47722657820.6675,Europe,9633740,2.135,0.056742,2010s
Ecuador,ECU,1996,0.81227297,0.064805241,0.015870554,25226393196.5983,South America,17588595,-0.106,0.064805,1990s
Turks and Caicos Islands,TCA,2008,0.00045525131,0.000263808,5.107797e-06,862683630.0,North America,44276,0.194,0.000264,2000s
Oman,OMN,1995,0.70721264,0.0157435266666667,0.0019626975,13802600780.2341,Asia,4543399,0.093,0.015744,1990s
Samoa,WSM,2020,0.0084542666,0.000212881,0.00024469283,807100820.648132,Oceania,214929,1.147,0.000213,2020s
Mongolia,MNG,1983,0.34084146,0.0280248516666667,0.027356783,2725736633.33333,Asia,3294335,0.628,0.028025,1980s
Colombia,COL,2009,3.0622558,0.101050426666667,0.071457075,232397835678.336,South America,50930662,0.991,0.10105,2000s
Ireland,IRL,1985,0.64791398,0.0200691106666667,0.031667745,21270013325.5601,Europe,4946119,-0.469,0.020069,1980s
United Arab Emirates,ARE,1965,0.0079810305,-2.68693333333333e-05,0.00066337548,14720672506.5004,Asia,9287289,0.078,-2.7e-05,1960s
Albania,ALB,1992,0.1202458,0.0026026093333333,0.003579363,652174990.837304,Europe,2866849,0.12,0.002603,1990s
Trinidad and Tobago,TTO,1974,0.11572823,0.0101275363333333,0.000554475,2042031901.42217,North America,1518147,-0.331,0.010128,1970s
Croatia,HRV,1997,0.15534115,0.0186441113333333,0.0096691443,24091170702.5562,Europe,4096868,0.291,0.018644,1990s
Fiji,FJI,1996,0.039217992,0.002771007,0.0014558464,2128696643.62574,Oceania,920422,0.596,0.002771,1990s
Philippines,PHL,1968,1.857772,0.0876007543333333,0.020699454,8632749269.35964,Asia,112190977,-0.109,0.087601,1960s
Dominica,DMA,2006,0.0020743046,0.0001551093333333,5.1676919e-05,390251851.851852,North America,71995,0.677,0.000155,2000s
Uganda,UGA,1982,0.36996488,0.0453798436666667,0.017330282,2177500000.0,Africa,44404611,0.598,0.04538,1980s
Jamaica,JAM,1979,0.036144635,0.0086882423333333,0.0014523385,2425033998.18676,North America,2820436,0.46374999999999994,0.008688,1970s
Austria,AUT,1998,0.46838191,0.0601809816666667,0.016832798,218259904401.956,Europe,8907777,1.343,0.060181,1990s
Cyprus,CYP,1993,0.01894611,0.0044174493333333,0.001308395,6590291048.29211,Europe,1237537,-0.415,0.004417,1990s
Bosnia and Herzegovina,BIH,1996,0.079624031,0.0025418496666666,0.0019963415,2786045321.63743,Europe,3318407,-0.029,0.002542,1990s
Kiribati,KIR,1992,0.00060627106,2.5648e-05,1.1769446e-05,47737955.346651,Oceania,126463,0.17,2.6e-05,1990s
Comoros,COM,2018,0.021461188,0.00025648,0.00023576112,1188797574.94753,Africa,806166,1.037,0.000256,2010s
Qatar,QAT,1969,0.33242732,0.007166576,0.00042623288,301791301.791302,Asia,2760385,0.489,0.007167,1960s
Albania,ALB,2007,0.11648205,0.0046573433333333,0.0041930792,10677324144.4289,Europe,2866849,1.436,0.004657,2000s
Somalia,SOM,1998,0.7509044,0.0123598933333333,0.023204892,4574495666.99486,Africa,16537016,0.536,0.01236,1990s
Bosnia and Herzegovina,BIH,2018,0.20398921,0.0225025026666667,0.004608639,20177409351.4329,Europe,3318407,2.269,0.022503,2010s
Algeria,DZA,1972,1.5466913,0.0312416266666667,0.011116358,6766766610.86932,Africa,43451666,-0.395,0.031242,1970s
Niger,NER,1966,0.27347226,0.0021751356666666,0.011848569,702296184.361344,Africa,24333639,-0.093,0.002175,1960s
Burkina Faso,BFA,1961,0.17311481,0.00562424,0.0081048555,350247237.11684,Africa,21522626,-0.271,0.005624,1960s
Senegal,SEN,1996,0.30721282,0.005056467,0.014542988,6559712550.65952,Africa,16436119,1.209,0.005056,1990s
Tajikistan,TJK,2008,0.18002983,0.00454482,0.0048482651,5161337336.40365,Asia,9543207,0.864,0.004545,2000s
Liechtenstein,LIE,1969,0.00078071863,0.0,1.8493539e-05,90098330.6654471,Europe,38756,-0.019,0.0,1960s
Malta,MLT,1977,0.0037899,0.0007169226666666,0.0001405869,625573345.532174,Europe,515357,0.314,0.000717,1970s
Senegal,SEN,1976,0.21580144,0.002355936,0.010191487,2869777812.41008,Africa,16436119,-0.073,0.002356,1970s
Timor-Leste,TLS,2004,0.042109453,0.0059161386666666,0.00068364872,440764600.0,Asia,1299995,0.745,0.005916,2000s
Kenya,KEN,1965,0.49622841,0.0131017273333333,0.018364537,997919319.980049,Africa,51985780,-0.285,0.013102,1960s
Tunisia,TUN,1976,0.20224268,0.010458057,0.008400267,4507929104.47761,Africa,12161723,-0.842,0.010458,1970s
Djibouti,DJI,1972,0.00872855,0.000190528,0.00033278337,340989527.967995,Africa,1090156,0.21,0.000191,1970s
Bangladesh,BGD,2013,3.6935237,0.07517258,0.09720563,149990451022.29,Asia,167420951,0.527,0.075173,2010s
Fiji,FJI,1963,0.014618267,0.001304384,0.00060980493,129454728.623599,Oceania,920422,-0.063,0.001304,1960s
New Zealand,NZL,1975,1.28495,0.0611513163333333,0.050747593,12861983284.3912,Oceania,5061133,0.583,0.061151,1970s
Algeria,DZA,2008,3.0283369,0.110045684666667,0.02119168,171000699876.747,Africa,43451666,1.129,0.110046,2000s
Argentina,ARG,1968,4.042714,0.190886070333333,0.11883621,26436857247.4982,South America,45036032,0.483,0.190886,1960s
Turks and Caicos Islands,TCA,2010,0.0004472743,0.000282128,5.816881e-06,686787810.0,North America,44276,0.194,0.000282,2010s
Philippines,PHL,1992,2.103015,0.126335995,0.030828969,60422309296.9827,Asia,112190977,0.343,0.126336,1990s
Belize,BLZ,1984,0.0077722114,0.0027980746666666,0.00031446275,214381949.019381,North America,394921,0.395,0.002798,1980s
Lithuania,LTU,2017,0.15356336,0.0149885806666667,0.020078646,47640770634.427,Europe,2820267,1.504,0.014989,2010s
Guyana,GUY,2010,0.060245362,0.0065524533333333,0.0030695166,3432913073.24154,South America,797202,1.365,0.006552,2010s
Nepal,NPL,2000,0.84404311,0.014139351,0.016992236,5494252207.90502,Asia,29348627,0.17,0.014139,2000s
Chile,CHL,2011,0.89689261,0.090925044,0.026153293,252251992029.518,South America,19300315,-0.044,0.090925,2010s
Mauritania,MRT,1995,0.17386541,0.0029324213333333,0.0064131685,2091731420.68923,Africa,4498604,1.142,0.002932,1990s
Greece,GRC,1992,0.53259838,0.085928294,0.025714452,116224672863.783,Europe,10512232,-0.489,0.085928,1990s
Switzerland,CHE,2011,0.2089436,0.0395684863333333,0.0083854796,722038242134.62,Europe,8638613,1.666,0.039568,2010s
Liechtenstein,LIE,1998,0.00097050548,0.000229239,2.5137423e-05,2479721340.8746,Europe,38756,1.219,0.000229,1990s
Cuba,CUB,1973,0.55897293,0.0961438743333333,0.018111536,9987709650.18094,North America,11300698,0.428,0.096144,1970s
Honduras,HND,1973,0.14597469,0.0173101943333333,0.0042446297,912499950.0,North America,10121763,0.216,0.01731,1970s
Myanmar,MMR,1963,1.3547318,0.0762192443333333,0.025040411,659976659.599529,Asia,53423198,-0.178,0.076219,1960s
Kenya,KEN,1961,0.46154006,0.0222818916666667,0.017123086,792959472.139024,Africa,51985780,0.271,0.022282,1960s
Singapore,SGP,1985,0.054727824,0.0326657813333333,0.0059482481,19156532745.7691,Asia,5909869,0.139,0.032666,1980s
Ireland,IRL,1967,0.55697139,0.0170055006666667,0.025128373,3343636773.36759,Europe,4946119,-0.026,0.017006,1960s
Fiji,FJI,2017,0.026258685,0.0014423946666666,0.0008209717,5353404422.08138,Oceania,920422,1.319,0.001442,2010s
Ecuador,ECU,1963,0.21415766,0.0404983733333333,0.0058790961,1824344492.07169,South America,17588595,-0.046,0.040498,1960s
New Zealand,NZL,1979,1.2792821,0.0366342196666667,0.051654001,20731243113.2926,Oceania,5061133,0.309,0.036634,1970s
Kenya,KEN,1982,0.7666763,0.031344351,0.026920933,6431579357.31256,Africa,51985780,0.304,0.031344,1980s
Equatorial Guinea,GNQ,2017,0.35778868,0.0097551966666666,0.0001635849,12200913887.6419,Africa,1596049,1.198,0.009755,2010s
Malta,MLT,2014,0.0056545253,0.002327747,0.00026446076,11626281387.0068,Europe,515357,1.46,0.002328,2010s
Central African Republic,CAF,2017,0.43531394,0.0074831093333333,0.028596102,2072349794.23301,Africa,5343020,0.934,0.007483,2010s
Iceland,ISL,1984,0.021761306,0.0020417993333333,0.0015629677,2864441355.85306,Europe,366669,0.09,0.002042,1980s
Guinea,GIN,1995,0.29100854,0.0050245653333333,0.01117221,3693710532.91191,Africa,13205153,0.524,0.005025,1990s
Swaziland,SWZ,2017,0.038754092,0.0010711093333333,0.0014885571,4402969225.92165,Africa,1180655,0.734,0.001071,2010s
Burkina Faso,BFA,1977,0.22561844,0.0108991786666667,0.011023755,1131224818.33053,Africa,21522626,0.246,0.010899,1970s
Vanuatu,VUT,1970,0.0067936535,0.001212784,0.00020752697,119258835.335525,Oceania,311685,0.319,0.001213,1970s
Dominica,DMA,2008,0.002116521,0.0001893066666666,5.4589342e-05,458188888.888889,North America,71995,0.292,0.000189,2000s
Zimbabwe,ZWE,2016,0.44816341,0.0198522263333333,0.017947726,20548678100.0,Africa,15669666,1.336,0.019852,2010s
Saudi Arabia,SAU,1962,0.43627552,0.0047600143333333,0.002800493,4187777711.11111,Asia,35997107,0.656,0.00476,1960s
Peru,PER,2003,1.0748157,0.106317365333333,0.02687175,58731030121.8671,South America,33304756,0.673,0.106317,2000s
Namibia,NAM,2012,0.3432647,0.0088022016666666,0.024441893,13042007432.4489,Africa,2489098,-0.142,0.008802,2010s
Peru,PER,1982,0.9156059,0.063977381,0.020981153,21793496819.3379,South America,33304756,0.202,0.063977,1980s
Cuba,CUB,1997,0.5812453,0.0325277956666667,0.017190712,25365908100.0,North America,11300698,0.811,0.032528,1990s
Suriname,SUR,2015,0.035270002,0.005120562,0.0010998421,5126291450.81511,South America,607065,1.729,0.005121,2010s
Albania,ALB,1974,0.11013523,0.0054651386666666,0.003130935,1857338011.85488,Europe,2866849,-0.133,0.005465,1970s
Cambodia,KHM,2006,0.78853944,0.0193141653333333,0.013515692,7274595706.67154,Asia,16396860,0.635,0.019314,2000s
Zimbabwe,ZWE,1965,0.23012901,0.0175690913333333,0.011047391,1311435800.0,Africa,15669666,-0.476,0.017569,1960s
Jamaica,JAM,2000,0.049453688,0.0136238033333333,0.002152693,9005064474.93003,North America,2820436,0.181,0.013624,2000s
Iceland,ISL,1978,0.022589654,0.0022383886666666,0.0016846859,2511826196.009,Europe,366669,-0.064,0.002238,1970s
Chile,CHL,2019,0.85935596,0.102147855,0.02635194,279385487344.492,South America,19300315,0.392,0.102148,2010s
British Virgin Islands,VGB,1983,0.00033603625,0.000113584,1.3017426e-05,114040245.655299,North America,30910,0.558,0.000114,1980s
Zambia,ZMB,1961,0.28759526,0.045258732,0.031149147,696285714.285714,Africa,18927715,0.226,0.045259,1960s
Syria,SYR,2016,0.43788751,0.0283185823333333,0.01411331,12356980638.8143,Asia,20772595,1.736,0.028319,2010s
Tajikistan,TJK,2001,0.12163275,0.003386806,0.0031918853,1080768906.5003,Asia,9543207,1.388,0.003387,2000s
Marshall Islands,MHL,1999,0.0,8.7936e-05,0.0,114326300.0,Oceania,43413,-0.12,8.8e-05,1990s
Jordan,JOR,1965,0.025651218,0.0015791873333333,0.0014058183,599831979.837581,Asia,10928721,-0.021,0.001579,1960s
Denmark,DNK,1968,0.44360167,0.0530406226666667,0.028784195,13505573866.6667,Europe,5825641,0.271,0.053041,1960s
Liechtenstein,LIE,1963,0.00049047204,0.0,1.4728215e-05,90098330.6654471,Europe,38756,-0.771,0.0,1960s
Cape Verde,CPV,1971,0.002660195,3.661e-05,8.087271e-05,142246875.536716,Africa,582640,-0.059,3.7e-05,1970s
Afghanistan,AFG,1992,0.30213512,0.002581254,0.0096626026,4055179566.34981,Asia,38972230,-0.32,0.002581,1990s
Guinea,GIN,1990,0.23721218,0.0019321493333333,0.0095590647,2666750685.8495,Africa,13205153,0.735,0.001932,1990s
Guyana,GUY,2009,0.058380817,0.0066110773333333,0.0029100037,3165663152.73351,South America,797202,1.364,0.006611,2000s
Djibouti,DJI,1963,0.0053929889,4.88533333333333e-06,0.00025017395,340989527.967995,Africa,1090156,0.079,5e-06,1960s
Algeria,DZA,2009,2.7847027,0.121003142333333,0.02327523,137211035770.034,Africa,43451666,0.887,0.121003,2000s
Oman,OMN,2016,1.2688448,0.06592587,0.00426589,75128738621.5865,Asia,4543399,1.212,0.065926,2010s
Israel,ISR,2018,0.43442819,0.0618080083333333,0.0079313184,373641241440.789,Asia,8757489,2.061,0.061808,2010s
Mauritania,MRT,1975,0.11775056,-0.001212784,0.0045483985,703378653.350029,Africa,4498604,-0.372,-0.001213,1970s
Iceland,ISL,1963,0.018606009,0.002586397,0.0013315882,340061650.119898,Europe,366669,-0.016,0.002586,1960s
Belgium,BEL,2014,0.69749754,0.099158682,0.034088691,534678075827.361,Europe,11561717,2.41,0.099159,2010s
Costa Rica,CRI,1979,0.15997012,0.030664022,0.0053081712,4035519323.22054,North America,5123105,0.159,0.030664,1970s
Uruguay,URY,1966,0.63793384,0.006937714,0.020498585,1809183974.52669,South America,3429086,-0.427,0.006938,1960s
Maldives,MDV,2018,0.0059873992,0.0017404,0.00016488271,5300962659.51088,Asia,514438,0.545,0.00174,2010s
Dominica,DMA,1962,0.00097063939,0.000194192,1.8807317e-05,45872947.4074074,North America,71995,0.008,0.000194,1960s
Zimbabwe,ZWE,1968,0.27027944,0.0191405903333333,0.012200896,1479599900.0,Africa,15669666,0.097,0.019141,1960s
Iceland,ISL,1994,0.021042099,0.002525335,0.0013378423,6389460285.59828,Europe,366669,-0.232,0.002525,1990s
Sudan,SDN,2016,2.4294621,0.057373869,0.10627796,42630376000.0,Africa,44440486,1.271,0.057374,2010s
Nauru,NRU,1988,8.938642e-05,0.000157552,1.6812813e-06,47564520.3910861,Oceania,12315,-0.2645,0.000158,1980s
Grenada,GRD,1997,0.0016916196,7.6944e-05,3.963408e-05,392190592.592593,North America,123663,0.97,7.7e-05,1990s
British Virgin Islands,VGB,2007,0.00043084115,0.000186864,1.9878366e-05,114040245.655299,North America,30910,0.849,0.000187,2000s
Ecuador,ECU,2017,0.84339644,0.0580535606666667,0.01687853,104295862000.0,South America,17588595,1.2,0.058054,2010s
Afghanistan,AFG,1987,0.29190348,0.0053366526666666,0.0093870827,4055179566.34981,Asia,38972230,0.385,0.005337,1980s
Sri Lanka,LKA,1971,0.3241675,0.0178738896666667,0.0056370702,2369308600.33727,Asia,21715079,-0.344,0.017874,1970s
Cuba,CUB,1964,0.54362428,0.0938122296666667,0.01673506,5693005200.0,North America,11300698,0.116,0.093812,1960s
Dominican Republic,DOM,2002,0.30549424,0.0192881156666667,0.0088926562,27137508656.8522,North America,10999664,0.809,0.019288,2000s
Finland,FIN,1982,0.74730791,0.041144475,0.024478064,52797582336.2526,Europe,5529468,-0.157,0.041144,1980s
New Zealand,NZL,1985,1.3576544,0.031420994,0.054119314,24679795396.4194,Oceania,5061133,0.382,0.031421,1980s
Chile,CHL,2001,0.91167628,0.063843379,0.023264209,70979923960.3422,South America,19300315,-0.114,0.063843,2000s
Iraq,IRQ,2002,2.2370157,0.085626007,0.02557228,32928454672.4246,Asia,42556984,1.097,0.085626,2000s
Zambia,ZMB,2011,0.62517224,0.0701793003333333,0.048216775,23459515275.5776,Africa,18927715,0.899,0.070179,2010s
Thailand,THA,1985,3.0147166,0.204610872,0.04390651,38900692712.1496,Asia,71475664,0.259,0.204611,1980s
Austria,AUT,1968,0.53789393,0.0336989533333333,0.020825117,12440625312.8685,Europe,8907777,0.215,0.033699,1960s
Senegal,SEN,1961,0.18644517,0.0061865316666666,0.0090105855,1058975265.58883,Africa,16436119,-0.138,0.006187,1960s
Aruba,ABW,1968,0.00070902265,0.00063451,4.4749318e-06,405463417.11746,North America,106585,-0.172,0.000635,1960s
Senegal,SEN,2017,0.40614212,0.011419652,0.018431615,20996564751.5994,Africa,16436119,1.8,0.01142,2010s
Chile,CHL,2012,0.91952856,0.0940814096666667,0.027287172,267122320056.772,South America,19300315,0.452,0.094081,2010s
Guinea-Bissau,GNB,2018,0.07708774,0.00152056,0.002890572,1504630120.99275,Africa,2015828,1.176,0.001521,2010s
Dominican Republic,DOM,2007,0.35886152,0.01816093,0.010293978,43965420072.4107,North America,10999664,1.069,0.018161,2000s
Guyana,GUY,1990,0.039693716,0.0055130986666666,0.002011123,396582263.291139,South America,797202,0.564,0.005513,1990s
Kiribati,KIR,1990,0.00059946719,2.1984e-05,1.1392105e-05,39809538.6776989,Oceania,126463,0.255,2.2e-05,1990s
Zimbabwe,ZWE,1990,0.43921381,0.036253193,0.02074212,8783816700.0,Africa,15669666,0.586,0.036253,1990s
Togo,TGO,1997,0.10770363,0.0105275193333333,0.0036094589,1498950899.08774,Africa,8442580,0.568,0.010528,1990s
Cape Verde,CPV,1969,0.0027809148,3.6581e-05,8.5732859e-05,142246875.536716,Africa,582640,0.998,3.7e-05,1960s
Papua New Guinea,PNG,1999,0.091887547,0.0344794613333333,0.011547334,3477038204.01733,Oceania,9749640,0.124,0.034479,1990s
Tunisia,TUN,2012,0.38714424,0.028894715,0.011217854,47311196335.2884,Africa,12161723,1.414,0.028895,2010s
Liechtenstein,LIE,2009,0.00089656912,0.000205375,2.3494796e-05,4504549214.22663,Europe,38756,1.414,0.000205,2000s
United Arab Emirates,ARE,1980,0.60831566,0.036163877,0.001614132,43598748449.0479,Asia,9287289,0.525,0.036164,1980s
Uruguay,URY,2006,0.8743504,0.005754375,0.026573432,19579457966.0538,South America,3429086,0.645,0.005754,2000s
Niger,NER,2009,0.65572389,0.0054559936666666,0.02754703,7352131669.2941,Africa,24333639,1.471,0.005456,2000s
Jordan,JOR,1983,0.043545007,0.0070556793333333,0.0022237967,4920407601.21179,Asia,10928721,-1.077,0.007056,1980s
Zimbabwe,ZWE,1996,0.43468142,0.043194982,0.02052878,8553146600.0,Africa,15669666,-0.132,0.043195,1990s
Guinea-Bissau,GNB,1979,0.032289779,0.00157552,0.0015229589,118537875.133044,Africa,2015828,0.454,0.001576,1970s
Switzerland,CHE,1976,0.28471559,0.0392404623333333,0.010671516,122660905890.076,Europe,8638613,0.358,0.03924,1970s
Singapore,SGP,2017,0.20539586,0.037449744,0.0013841913,343337750742.27,Asia,5909869,0.077,0.03745,2010s
Austria,AUT,2002,0.4569941,0.0638805986666667,0.016371974,213377771503.858,Europe,8907777,1.532,0.063881,2000s
Senegal,SEN,1975,0.20963306,0.0051428,0.0097714762,2830388404.87845,Africa,16436119,-0.25,0.005143,1970s
Bahrain,BHR,1964,0.5506823,0.001597504,4.168588e-05,3072698328.46909,Asia,1477469,-0.58,0.001598,1960s
Central African Republic,CAF,2006,0.43478667,0.0090451946666666,0.031335996,1460561215.4447,Africa,5343020,0.816,0.009045,2000s
Malta,MLT,2003,0.0063354854,0.0028994673333333,0.00022917656,5448415500.17071,Europe,515357,1.327,0.002899,2000s
Panama,PAN,2016,0.16070509,0.0149700166666667,0.0045238214,57907695408.9392,North America,4294396,1.033,0.01497,2010s
Guinea-Bissau,GNB,1962,0.026120177,0.001176144,0.0012659643,78733594.8411852,Africa,2015828,-0.049,0.001176,1960s
Singapore,SGP,1988,0.054909691,0.0356348426666667,0.0082590169,25371462488.1292,Asia,5909869,0.355,0.035635,1980s
Iceland,ISL,2003,0.021549176,0.0030738776666666,0.0012772717,11429333037.8443,Europe,366669,1.749,0.003074,2000s
Australia,AUS,1972,5.7752828,0.201560133,0.26582428,52051401869.1589,Oceania,25670051,0.108,0.20156,1970s
Tajikistan,TJK,2006,0.1532103,0.004194048,0.0041607619,2830220713.07301,Asia,9543207,1.657,0.004194,2000s
Somalia,SOM,2020,0.87518196,0.0166876506666667,0.022417423,6965285324.52207,Africa,16537016,1.232,0.016688,2020s
Sweden,SWE,2002,0.56559784,0.062653991,0.021094683,266849061835.659,Europe,10368969,1.571,0.062654,2000s
Cyprus,CYP,1961,0.012595018,0.0014994113333333,0.00060564006,489914760.682807,Europe,1237537,0.024,0.001499,1960s
Djibouti,DJI,2005,0.035245425,0.000340752,0.0009360678,708633194.726566,Africa,1090156,0.965,0.000341,2000s
Paraguay,PRY,1987,0.53950795,0.0688057056666667,0.018014832,3971044723.80154,South America,6618695,0.246,0.068806,1980s
Belize,BLZ,2001,0.013982636,0.0042819946666666,0.00037151543,868358750.0,North America,394921,0.414,0.004282,2000s
Croatia,HRV,2019,0.16099262,0.0147674726666667,0.0086565664,62246206340.5469,Europe,4096868,2.051,0.014767,2010s
Estonia,EST,2003,0.10340789,0.013505056,0.004281863,9874013098.46432,Europe,1329444,0.226,0.013505,2000s
Trinidad and Tobago,TTO,2018,0.57055295,0.040034763,0.0010757391,23679919654.9891,North America,1518147,1.121,0.040035,2010s
El Salvador,SLV,1971,0.11829051,0.0087391183333333,0.0040995833,1186120000.0,North America,6292731,-0.363,0.008739,1970s
Samoa,WSM,1995,0.0058604331,-0.0001306826666666,0.00013485905,224865731.381903,Oceania,214929,0.705,-0.000131,1990s
Fiji,FJI,1986,0.030160411,0.003529286,0.001213252,1290228616.82408,Oceania,920422,-0.098,0.003529,1980s
Dominican Republic,DOM,1987,0.2591324,0.01269177,0.0062163568,5826987099.45901,North America,10999664,0.644,0.012692,1980s
Argentina,ARG,1998,4.4384839,0.209080109333333,0.12839844,298948250000.0,South America,45036032,0.324,0.20908,1990s
Portugal,PRT,1964,0.33962721,0.0108730723333333,0.013235705,4235608177.67102,Europe,10298192,0.534,0.010873,1960s
Nauru,NRU,1998,0.00010546733,9.8928e-05,1.8031636e-06,47564520.3910861,Oceania,12315,-0.833,9.9e-05,1990s
Armenia,ARM,1992,0.062706059,0.0067545123333333,0.0025868803,1272835453.42634,Asia,2805608,-1.296,0.006755,1990s
Malawi,MWI,1980,0.085636067,0.0093672493333333,0.004067656,1237655461.1501,Africa,19377061,0.213,0.009367,1980s
Malaysia,MYS,1963,0.25606733,0.0617528213333333,0.014502252,2510126747.68065,Asia,33199993,-0.137,0.061753,1960s
Guinea,GIN,1978,0.17881904,0.0026844906666666,0.0078820323,1995186720.74733,Africa,13205153,0.216,0.002684,1970s
Turkmenistan,TKM,1999,0.76376674,0.0475594756666667,0.0071493,2450513196.48094,Asia,6250438,1.328,0.047559,1990s
Lesotho,LSO,1990,0.051012717,0.0020103146666666,0.0023180462,596415104.549144,Africa,2254100,0.31,0.00201,1990s
Panama,PAN,1974,0.10554521,0.012434011,0.0033773876,2188307600.0,North America,4294396,-0.382,0.012434,1970s
Peru,PER,1970,0.78257515,0.064005503,0.020995624,7432223176.77261,South America,33304756,-0.055,0.064006,1970s
Portugal,PRT,1977,0.3715084,0.0237163883333333,0.015656311,21439523310.6338,Europe,10298192,-0.303,0.023716,1970s
Uruguay,URY,1977,0.72091907,-0.001248686,0.021883291,4114667062.64917,South America,3429086,0.487,-0.001249,1970s
Azerbaijan,AZE,2012,0.63543671,0.0352404363333333,0.011149958,69683935845.2139,Asia,10284951,1.505,0.03524,2010s
Ghana,GHA,2005,0.40534364,0.039595675,0.016400318,10744675209.8984,Africa,32180401,0.963,0.039596,2000s
Pakistan,PAK,2002,4.9762406,0.126387395,0.14020778,79904985384.8652,Asia,227196741,0.997,0.126387,2000s
Trinidad and Tobago,TTO,1961,0.092007076,0.0043658806666666,0.00034285701,584961208.656595,North America,1518147,0.161,0.004366,1960s
Denmark,DNK,2009,0.35455677,0.0493764093333333,0.017835727,321241303699.006,Europe,5825641,1.319,0.049376,2000s
Austria,AUT,2003,0.47736602,0.070206263,0.01635558,261695778781.038,Europe,8907777,1.461,0.070206,2000s
Sierra Leone,SLE,2010,0.15525339,0.025897152,0.0039887468,2578026297.15912,Africa,8233969,1.206,0.025897,2010s
Slovenia,SVN,2015,0.12111614,0.0156807203333333,0.0028747925,43090173394.6913,Europe,2117641,2.117,0.015681,2010s
Guinea-Bissau,GNB,1988,0.037219925,0.0025489226666666,0.0016965671,164458120.314176,Africa,2015828,0.74,0.002549,1980s
Lebanon,LBN,1965,0.033645031,0.003715038,0.0012743811,3313540067.93246,Asia,5662923,-0.071,0.003715,1960s
Paraguay,PRY,2005,0.69972927,0.0786964776666667,0.023888675,10737500188.1123,South America,6618695,0.634,0.078696,2000s
Tonga,TON,1992,0.0032412886,4.51893333333333e-05,0.00016326694,137066290.550071,Oceania,105254,0.194,4.5e-05,1990s
El Salvador,SLV,2003,0.16007397,0.010172131,0.004198673,13243892200.0,North America,6292731,0.758,0.010172,2000s
Aruba,ABW,2004,0.0032865467,0.002616096,5.613674e-05,2228491620.11173,North America,106585,0.553,0.002616,2000s
Pakistan,PAK,1980,2.5833835,0.0530117643333333,0.068864904,23654444444.4444,Asia,227196741,0.479,0.053012,1980s
Iraq,IRQ,2003,2.1745634,0.0903701836666667,0.014995025,21921569478.8163,Asia,42556984,0.905,0.09037,2000s
Benin,BEN,1970,0.079785665,0.0129473546666667,0.0036329421,333627758.154666,Africa,12643123,0.364,0.012947,1970s
Philippines,PHL,2019,3.2080133,0.163136502666667,0.047446168,376823278560.849,Asia,112190977,1.118,0.163137,2010s
Papua New Guinea,PNG,2008,0.19168912,0.054000032,0.012340547,11670840931.8173,Oceania,9749640,0.148,0.054,2000s
Sri Lanka,LKA,2013,0.45759007,0.0251092426666667,0.0088857185,74317806538.3632,Asia,21715079,0.69,0.025109,2010s
Mozambique,MOZ,2005,0.62892252,0.0550198313333333,0.033041268,8542070109.70903,Africa,31178239,1.003,0.05502,2000s
Aruba,ABW,2000,0.0031034677,0.002377936,4.8807978e-05,1873452513.96648,North America,106585,0.019,0.002378,2000s
Costa Rica,CRI,1975,0.13791449,0.0279647536666667,0.0045270583,1960863465.5776,North America,5123105,-0.204,0.027965,1970s
Cape Verde,CPV,2005,0.0061787604,0.000556928,0.00033779472,971977088.156914,Africa,582640,0.939,0.000557,2000s
Angola,AGO,1968,0.51969097,0.0392377523333333,0.029863267,5934073603.54849,Africa,33428485,-0.195,0.039238,1960s
Qatar,QAT,1998,0.9561791,0.031740061,0.00086524114,10255495027.4725,Asia,2760385,1.091,0.03174,1990s
Qatar,QAT,2016,2.934,0.087563,0.0023491507,151732181868.132,Asia,2760385,1.548,0.087563,2010s
Belize,BLZ,2014,0.015515106,0.005598592,0.0007967689,1667335060.96064,North America,394921,0.779,0.005599,2010s
Barbados,BRB,2020,0.0070329342,0.0009360926666666,0.00025268799,4418000000.0,North America,280693,1.315,0.000936,2020s
Peru,PER,2011,1.2978422,0.107999982333333,0.030735524,171761737046.585,South America,33304756,0.821,0.108,2010s
Tuvalu,TUV,1992,0.00028247958,7.328e-06,3.8854183e-06,9742949.47121034,Oceania,11069,0.411,7e-06,1990s
Libya,LBY,1979,2.4805614,0.0242897953333333,0.004020705,28901836158.1921,Africa,6653942,0.145,0.02429,1970s
United Arab Emirates,ARE,1995,1.1355932,0.0691939896666667,0.003815874,65743666575.8649,Asia,9287289,-0.181,0.069194,1990s
Estonia,EST,2005,0.1034269,0.0144839183333333,0.0043063581,14106790200.2239,Europe,1329444,1.603,0.014484,2000s
Uzbekistan,UZB,2000,1.6761263,0.124291617,0.029472002,13760513969.314,Asia,33526656,1.408,0.124292,2000s
Armenia,ARM,2016,0.067971085,0.0063510663333333,0.0055929983,10546135160.031,Asia,2805608,1.319,0.006351,2010s
Luxembourg,LUX,2008,0.022592906,0.011147833,0.0012707257,58604890874.469,Europe,630399,1.289,0.011148,2000s
Uruguay,URY,1965,0.62935371,0.0082032233333333,0.020184458,1890769326.14221,South America,3429086,0.174,0.008203,1960s
Ethiopia,ETH,2008,3.092861,0.0846195703333333,0.12724551,27066912635.2228,Africa,117190911,0.655,0.08462,2000s
Andorra,AND,2009,0.0039330399,0.000516624,0.00018297294,3674409558.21061,Europe,77700,1.345,0.000517,2000s
Trinidad and Tobago,TTO,2006,0.67540926,0.041901411,0.0009530443,18369361094.3886,North America,1518147,1.073,0.041901,2000s
Nigeria,NGA,1967,5.6336677,0.207126404,0.032219821,5203135937.28125,Africa,208327405,-0.34,0.207126,1960s
Bangladesh,BGD,2012,3.6502097,0.0704418346666667,0.096657276,133355749482.478,Asia,167420951,0.579,0.070442,2010s
Botswana,BWA,1981,0.17890389,0.00236328,0.010849403,1073861599.13948,Africa,2546402,-0.366,0.002363,1980s
Turks and Caicos Islands,TCA,1976,8.0622062e-05,0.0,9.7990729e-08,358744800.0,North America,44276,-0.347,0.0,1970s
Uruguay,URY,1982,0.8142407,-0.0021688446666666,0.024946059,9178802162.6616,South America,3429086,0.573,-0.002169,1980s
Syria,SYR,1968,0.2313253,0.00430515,0.0065544975,1562303429.31937,Asia,20772595,-0.178,0.004305,1960s
Norway,NOR,2002,0.86579265,0.0446072,0.017057131,195524186477.617,Europe,5379839,1.406,0.044607,2000s
Lebanon,LBN,1978,0.046673733,0.00545924,0.0015570647,3313540067.93246,Asia,5662923,0.011,0.005459,1970s
Ireland,IRL,1995,0.70014688,0.023908347,0.03519995,69139823232.3232,Europe,4946119,1.175,0.023908,1990s
Romania,ROU,1984,1.7144373,0.195888173,0.076120811,38413636363.6364,Europe,19442038,-0.112,0.195888,1980s
Vanuatu,VUT,2020,0.018183416,-0.0002817433333333,0.00052744147,881547928.58381,Oceania,311685,1.054,-0.000282,2020s
British Virgin Islands,VGB,2008,0.0004370702,0.000190528,2.0826028e-05,114040245.655299,North America,30910,0.34,0.000191,2000s
Oman,OMN,1980,0.23789183,0.0060663626666666,0.0010639566,5981760277.93862,Asia,4543399,0.18,0.006066,1980s
Israel,ISR,1996,0.19897476,0.052228872,0.0074964649,110180666416.017,Asia,8757489,0.401,0.052229,1990s
Montenegro,MNE,2020,0.0346149,0.002341342,0.0007764498,4769860740.74074,Europe,629048,1.696,0.002341,2020s
Afghanistan,AFG,2019,0.66559539,0.012473941,0.017221042,18799450742.7823,Asia,38972230,0.892,0.012474,2010s
Maldives,MDV,1971,0.00069914214,3.664e-06,5.7923364e-06,42463576.1589404,Asia,514438,0.17166666666666666,4e-06,1970s
Ireland,IRL,1975,0.64185292,0.0194584913333333,0.029812883,9483808362.36934,Europe,4946119,0.683,0.019458,1970s
Iceland,ISL,1997,0.021643001,0.00275615,0.0013132164,7569666973.65322,Europe,366669,0.301,0.002756,1990s
Cambodia,KHM,2000,0.66181065,0.0321540426666667,0.011646529,3654031716.26881,Asia,16396860,0.193,0.032154,2000s
Tajikistan,TJK,2004,0.1373671,0.0039405986666666,0.0035927415,2076182460.86517,Asia,9543207,1.412,0.003941,2000s
Albania,ALB,1997,0.12997068,0.000883489,0.0038302693,2258513974.0968,Europe,2866849,0.15,0.000883,1990s
Vanuatu,VUT,1961,0.0037022881,0.0008915733333333,0.00010682387,119258835.335525,Oceania,311685,0.208,0.000892,1960s
Bhutan,BTN,1989,0.027979098,0.0060590346666666,0.00044694521,264725206.950873,Asia,772506,0.342,0.006059,1980s
Singapore,SGP,2020,0.2185185,0.0301537616666667,0.0013884906,339998477929.985,Asia,5909869,0.077,0.030154,2020s
Fiji,FJI,1964,0.015124286,0.0012798383333333,0.00066287725,140032741.468329,Oceania,920422,0.173,0.00128,1960s
Benin,BEN,1966,0.072147651,0.0111544373333333,0.0032379888,302925280.773564,Africa,12643123,-0.001,0.011154,1960s
Niger,NER,1988,0.29511943,0.0018419593333333,0.011607689,2280356338.22867,Africa,24333639,0.568,0.001842,1980s
Algeria,DZA,1997,2.9065061,0.0903145193333333,0.014786022,48177612042.1507,Africa,43451666,0.983,0.090315,1990s
Greece,GRC,1965,0.39601162,0.0270871793333333,0.017631569,7689154053.35866,Europe,10512232,-0.335,0.027087,1960s
Thailand,THA,1993,3.2675149,0.177113028,0.060948244,128889318946.587,Asia,71475664,0.281,0.177113,1990s
Bahrain,BHR,1990,0.50383707,0.012405777,0.0003523781,4229787234.04255,Asia,1477469,0.368,0.012406,1990s
Comoros,COM,1961,0.0056781501,0.000120912,0.00010979493,212218226.429847,Africa,806166,0.427,0.000121,1960s
Guinea,GIN,1988,0.20345621,2.44266666666665e-05,0.0079951004,2384295982.38433,Africa,13205153,0.672,2.4e-05,1980s
Brunei Darussalam,BRN,2008,0.28065407,0.0101395093333333,0.00050608874,14393099068.5859,Asia,441725,0.445,0.01014,2000s
Luxembourg,LUX,2018,0.02157103,0.0095544576666666,0.00118855,71250208995.6425,Europe,630399,2.46,0.009554,2010s
Aruba,ABW,1978,0.0007686888,0.000542289,6.1153853e-06,405463417.11746,North America,106585,0.618,0.000542,1970s
Djibouti,DJI,1970,0.007905961,0.0001270186666666,0.00031840096,340989527.967995,Africa,1090156,0.143,0.000127,1970s
Swaziland,SWZ,1997,0.048017268,0.0016072746666666,0.0015058612,1716699913.19444,Africa,1180655,0.241,0.001607,1990s
Jamaica,JAM,1991,0.048107224,0.009070031,0.0017945351,4106199176.28901,North America,2820436,0.601,0.00907,1990s
Bahrain,BHR,1971,0.50841879,0.003037456,8.7867e-05,3072698328.46909,Asia,1477469,-0.228,0.003037,1970s
Greece,GRC,1984,0.50637485,0.05873981,0.028071726,48020024183.7969,Europe,10512232,-0.09,0.05874,1980s
Greece,GRC,1989,0.53170335,0.075612403,0.026866316,79169043222.8284,Europe,10512232,-0.163,0.075612,1980s
Timor-Leste,TLS,1963,0.017318754,-0.00032976,0.00052074591,367087900.0,Asia,1299995,-0.55,-0.00033,1960s
Dominica,DMA,2005,0.0020610248,0.0001673226666666,5.7544987e-05,364255555.555556,North America,71995,0.839,0.000167,2000s
Malta,MLT,1982,0.00346326,0.0012262186666666,0.0001405361,1234518125.0,Europe,515357,0.607,0.001226,1980s
Cuba,CUB,1971,0.55695471,0.128727005666667,0.018232441,6914658400.0,North America,11300698,0.08,0.128727,1970s
Belize,BLZ,1996,0.0090027213,0.0043137493333333,0.00032133458,641660000.0,North America,394921,0.168,0.004314,1990s
Sri Lanka,LKA,1994,0.42067938,0.0150226716666667,0.0079375341,11717604208.8223,Asia,21715079,0.26,0.015023,1990s
Bahrain,BHR,2003,0.64022521,0.016769491,0.000583071,11074813829.7872,Asia,1477469,1.196,0.016769,2000s
Uganda,UGA,1979,0.36497648,0.033536951,0.017133415,2139025000.0,Africa,44404611,0.387,0.033537,1970s
Hungary,HUN,1995,0.40587281,0.0566159006666667,0.021225972,46425677734.1435,Europe,9750573,0.655,0.056616,1990s
Thailand,THA,1979,2.7017711,0.209682031333333,0.037103751,27371699082.7126,Asia,71475664,0.532,0.209682,1970s
Uruguay,URY,2014,0.93865026,0.016064163,0.02761234,57236013086.1223,South America,3429086,1.255,0.016064,2010s
Kuwait,KWT,1967,1.1965058,0.025420832,0.00070917779,2441893027.16326,Asia,4360444,-0.669,0.025421,1960s
Barbados,BRB,2015,0.0072300126,0.001232056,0.00024711703,4715000000.0,North America,280693,1.27,0.001232,2010s
Colombia,COL,1981,2.140856,0.084600963,0.053832557,36388366869.0309,South America,50930662,0.144,0.084601,1980s
Nigeria,NGA,1972,5.7165727,0.207916402,0.03704182,12274416017.7976,Africa,208327405,0.092,0.207916,1970s
Mozambique,MOZ,2006,0.61142769,0.0593793553333333,0.030985785,9176889070.42298,Africa,31178239,0.523,0.059379,2000s
Gabon,GAB,2002,0.68025895,0.013227529,0.0013934567,5335451307.54323,Africa,2292573,0.643,0.013228,2000s
Malta,MLT,1983,0.00388649,0.0009111146666666,0.0001476226,1165771369.00625,Europe,515357,0.021,0.000911,1980s
Tajikistan,TJK,2003,0.13023661,0.0032555503333333,0.0033702423,1555301496.04756,Asia,9543207,0.553,0.003256,2000s
Singapore,SGP,2002,0.10625002,0.0474353653333333,0.0036777854,92537752708.5893,Asia,5909869,0.077,0.047435,2000s
Senegal,SEN,2010,0.37989825,0.013017911,0.016692179,16121314670.9653,Africa,16436119,1.497,0.013018,2010s
Maldives,MDV,2003,0.0029624276,0.000505632,5.5048897e-05,1052121054.6875,Asia,514438,0.582,0.000506,2000s
Papua New Guinea,PNG,1989,0.049654125,0.0323592266666667,0.0098117871,3546460176.99115,Oceania,9749640,0.287,0.032359,1980s
Cape Verde,CPV,2014,0.0068295129,0.000487312,0.00029282149,1859898513.26858,Africa,582640,0.86,0.000487,2010s
Liechtenstein,LIE,1999,0.00095099221,0.000226566,2.5765389e-05,2664026095.06058,Europe,38756,0.982,0.000227,1990s
Belarus,BLR,1994,0.6157218,0.0714579056666667,0.042273269,17793000000.0,Europe,9633740,1.116,0.071458,1990s
Namibia,NAM,1992,0.18396976,0.0051564693333333,0.01160874,3429538534.36185,Africa,2489098,0.525,0.005156,1990s
Kiribati,KIR,2004,0.00076483683,4.7632e-05,1.7984856e-05,102367039.270481,Oceania,126463,0.22899999999999998,4.8e-05,2000s
Somalia,SOM,1980,0.63880964,0.0049048746666666,0.021277025,603592656.822209,Africa,16537016,0.646,0.004905,1980s
Switzerland,CHE,1988,0.27503321,0.040039545,0.010550369,215721878630.493,Europe,8638613,0.92,0.04004,1980s
Colombia,COL,1972,1.8305154,0.146853392333333,0.046682315,8671358732.68486,South America,50930662,-0.036,0.146853,1970s
Bulgaria,BGR,2019,0.32164093,0.0376269116666667,0.014091193,68915416141.9576,Europe,6979175,2.088,0.037627,2010s
Djibouti,DJI,1971,0.008424031,0.000161216,0.00032701986,340989527.967995,Africa,1090156,-0.158,0.000161,1970s
Zimbabwe,ZWE,2002,0.43330476,0.0335378656666667,0.01831415,6342116400.0,Africa,15669666,0.671,0.033538,2000s
Botswana,BWA,1964,0.12188021,0.00252816,0.0085898702,41613969.0506064,Africa,2546402,-0.08,0.002528,1960s
Guinea,GIN,1968,0.16420135,0.009870816,0.0080837765,1995186720.74733,Africa,13205153,-0.184,0.009871,1960s
Barbados,BRB,2011,0.0075125821,0.0014921003333333,0.0002640179,4657500000.0,North America,280693,0.989,0.001492,2010s
Burundi,BDI,2014,0.12993224,0.005248325,0.0055523358,2705783272.07443,Africa,12220227,1.284,0.005248,2010s
Haiti,HTI,1964,0.12324303,0.0042329033333333,0.0033896943,325281200.0,North America,11306801,0.186,0.004233,1960s
Antigua and Barbuda,ATG,2012,0.0023500096,0.000458,9.309666e-05,1199948148.14815,North America,92664,0.557,0.000458,2010s
Fiji,FJI,1972,0.019770208,0.001311355,0.00079983145,316650508.967523,Oceania,920422,-0.238,0.001311,1970s
Malaysia,MYS,1979,0.5346911,0.141891430333333,0.018880329,21213672089.1976,Asia,33199993,0.346,0.141891,1970s
Ecuador,ECU,1971,0.2528553,0.0366336296666667,0.0072025947,2754220263.02528,South America,17588595,-0.519,0.036634,1970s
Guinea-Bissau,GNB,1987,0.037172936,0.001439952,0.001749329,173836362.010677,Africa,2015828,0.86,0.00144,1980s
Guyana,GUY,1974,0.063636313,0.0088693226666666,0.0023931105,433954545.454545,South America,797202,-0.292,0.008869,1970s
Tonga,TON,1993,0.003232591,7.20586666666667e-05,0.0001637584,138489884.393064,Oceania,105254,-0.091,7.2e-05,1990s
Kenya,KEN,2007,1.6492365,0.038669467,0.056664487,31958195182.2406,Africa,51985780,0.698,0.038669,2000s
Azerbaijan,AZE,2000,0.34481147,0.0320222666666667,0.007296584,5272798390.70183,Asia,10284951,1.114,0.032022,2000s
Kuwait,KWT,1997,1.0318054,0.05468901,0.0018473932,30355093966.3699,Asia,4360444,0.378,0.054689,1990s
Madagascar,MDG,1996,0.76130345,0.0682329796666667,0.028611695,4931861239.07864,Africa,28225177,0.24,0.068233,1990s
Swaziland,SWZ,2003,0.048410343,0.001297056,0.0014918275,2197612701.09852,Africa,1180655,0.534,0.001297,2000s
Ecuador,ECU,2016,0.85035978,0.058827554,0.016724536,99937696000.0,South America,17588595,1.558,0.058828,2010s
Cuba,CUB,1984,0.57766884,0.0675230396666667,0.023834119,24039383608.4235,North America,11300698,0.276,0.067523,1980s
Liberia,LBR,2006,0.060760476,0.015731774,0.0011932602,1119000000.0,Africa,5087584,1.019,0.015732,2000s
Botswana,BWA,1987,0.18295395,0.0040474986666666,0.011710147,1965274882.36345,Africa,2546402,1.237,0.004047,1980s
Nauru,NRU,1980,7.2765682e-05,0.000124576,1.4360737e-06,47564520.3910861,Oceania,12315,0.005,0.000125,1980s
Lesotho,LSO,1967,0.039510838,0.0012946133333333,0.0019303279,59260814.7837043,Africa,2254100,-0.151,0.001295,1960s
Armenia,ARM,2005,0.0627045,0.0086019823333333,0.002139588,4900469950.09033,Asia,2805608,0.469,0.008602,2000s
Suriname,SUR,2020,0.037715598,0.0062472103333333,0.0011253783,2884248048.49068,South America,607065,2.01,0.006247,2020s
Swaziland,SWZ,1986,0.044851131,0.0015449866666666,0.0014102167,449146608.315098,Africa,1180655,0.389,0.001545,1980s
Kenya,KEN,1992,1.0020522,0.0644416343333333,0.034678234,8209129171.73649,Africa,51985780,0.403,0.064442,1990s
Latvia,LVA,2007,0.097834474,0.0084661143333333,0.0058692401,31054350977.9784,Europe,1897052,2.197,0.008466,2000s
Morocco,MAR,1997,0.6925702,0.039174217,0.0214333,39147844526.0838,Africa,36688772,1.138,0.039174,1990s
Kiribati,KIR,1967,0.00028858876,2.1984e-05,7.8128295e-06,14295279.5446937,Oceania,126463,-0.037,2.2e-05,1960s
Singapore,SGP,1982,0.043949968,0.0285402833333333,0.0076432493,16084252378.473,Asia,5909869,0.145,0.02854,1980s
Norway,NOR,2019,0.84207168,0.0451533866666667,0.014552291,404941363636.364,Europe,5379839,1.212,0.045153,2010s
Jamaica,JAM,1996,0.04955747,0.011116582,0.0020196182,7393883554.77969,North America,2820436,0.231,0.011117,1990s
Qatar,QAT,1983,0.289982,0.011297521,0.00036956032,6467582307.69231,Asia,2760385,-0.924,0.011298,1980s
Seychelles,SYC,2014,0.0022757241,0.000458,6.853475e-05,1343007845.04468,Africa,105530,0.615,0.000458,2010s
Ecuador,ECU,1969,0.25470235,0.0336825293333333,0.0073857549,3112166848.3004,South America,17588595,0.414,0.033683,1960s
Vanuatu,VUT,1984,0.0092300849,0.0010076,0.00027966954,144482515.368336,Oceania,311685,-0.113,0.001008,1980s
Cyprus,CYP,1981,0.014648745,0.001593414,0.000834852,2087496373.77964,Europe,1237537,0.085,0.001593,1980s
Belize,BLZ,1991,0.0092504723,0.006452304,0.00036858583,444720750.0,North America,394921,0.638,0.006452,1990s
Brunei Darussalam,BRN,1966,0.0026570022,0.0009550826666666,0.00021836377,132758395.400497,Asia,441725,0.153,0.000955,1960s
Mauritius,MUS,1994,0.020676834,0.001604832,0.0010189637,3558137040.37772,Africa,1297828,0.51,0.001605,1990s
Mongolia,MNG,1998,0.43502974,0.0308024226666667,0.031235943,1124440248.9783,Asia,3294335,2.145,0.030802,1990s
Trinidad and Tobago,TTO,1976,0.12466249,0.0157886846666667,0.0005572293,2500410583.79177,North America,1518147,-0.005,0.015789,1970s
Bulgaria,BGR,2013,0.3321354,0.0379398286666667,0.012926848,55810138436.4821,Europe,6979175,1.496,0.03794,2010s
Jordan,JOR,2013,0.18142875,0.0245265823333333,0.0053055533,34454440140.8451,Asia,10928721,1.004,0.024527,2010s
Rwanda,RWA,1962,0.043135872,0.0074977653333333,0.0022834355,125000008.0,Africa,13146362,-0.379,0.007498,1960s
Montenegro,MNE,2012,0.030429588,0.000857376,0.0007611546,4087725812.66864,Europe,629048,1.663,0.000857,2010s
Malawi,MWI,1963,0.054496457,0.017823985,0.0024287682,190816183.676326,Africa,19377061,-0.39,0.017824,1960s
Timor-Leste,TLS,1972,0.021953184,0.0025159466666666,0.00066860901,367087900.0,Asia,1299995,-0.261,0.002516,1970s
Ghana,GHA,1961,0.14675544,0.018785328,0.0071579484,1302674264.19915,Africa,32180401,-0.096,0.018785,1960s
Argentina,ARG,1979,4.435859,0.129193295,0.12760445,69252328953.3789,South America,45036032,0.223,0.129193,1970s
Sao Tome and Principe,STP,2018,0.0026412104,0.000113584,6.857593e-05,412253809.728799,Africa,218641,0.91,0.000114,2010s
North Macedonia,MKD,2004,0.068049748,0.0095911306666666,0.0021149872,5682788267.12865,Europe,2111072,0.426,0.009591,2000s
Burundi,BDI,1975,0.064390163,0.0073072373333333,0.0037755123,420986666.666667,Africa,12220227,0.15425,0.007307,1970s
Bulgaria,BGR,1983,0.65153259,0.0901956496666667,0.034825054,16563666666.6667,Europe,6979175,0.414,0.090196,1980s
Niger,NER,1980,0.3693519,-0.001884706,0.01551159,2508524186.43352,Africa,24333639,0.489,-0.001885,1980s
Kiribati,KIR,2020,0.0010797498,6.9607e-05,2.4956093e-05,197508774.344505,Oceania,126463,1.177,7e-05,2020s
Senegal,SEN,2016,0.39499339,0.0108339913333333,0.017934549,19040312815.1337,Africa,16436119,1.601,0.010834,2010s
Ghana,GHA,2010,0.40692691,0.034258448,0.015645041,32197272797.2028,Africa,32180401,1.228,0.034258,2010s
Kenya,KEN,1963,0.45862397,0.0167272056666667,0.016811512,926589348.572953,Africa,51985780,-0.221,0.016727,1960s
Denmark,DNK,1982,0.42275628,0.05269515,0.029670289,60412844678.604,Europe,5825641,-0.005,0.052695,1980s
Iceland,ISL,1991,0.020542493,0.0023039356666666,0.0013567789,6909730237.31997,Europe,366669,0.642,0.002304,1990s
Georgia,GEO,1995,0.12354984,-0.001923314,0.0057719251,2693768412.89179,Asia,3765912,0.763,-0.001923,1990s
Mauritania,MRT,2010,0.26520866,0.0029849386666666,0.0097965366,5628882266.37767,Africa,4498604,1.937,0.002985,2010s
Qatar,QAT,1976,0.37959904,0.010374896,0.00042929412,3284301332.18953,Asia,2760385,-0.516,0.010375,1970s
Malaysia,MYS,1975,0.37697407,0.111912304666667,0.016965493,9298800799.46702,Asia,33199993,-0.031,0.111912,1970s
Denmark,DNK,1993,0.39574857,0.058109073,0.023906082,143195627014.605,Europe,5825641,0.212,0.058109,1990s
Mali,MLI,1972,0.33965777,0.0020652746666666,0.017402299,486617332.387405,Africa,21224040,0.324,0.002065,1970s
Greece,GRC,1970,0.44460743,0.0293901236666667,0.019757588,13139863636.3636,Europe,10512232,0.28,0.02939,1970s
Malaysia,MYS,1968,0.30460615,0.0833583326666667,0.015241467,3330393309.81315,Asia,33199993,-0.11,0.083358,1960s
Kenya,KEN,1995,1.0310305,0.0342384563333333,0.034416252,9046326059.98857,Africa,51985780,0.369,0.034238,1990s
Cameroon,CMR,1999,0.76205591,0.033371479,0.020593686,11565827385.6884,Africa,26491087,0.548,0.033371,1990s
Israel,ISR,1977,0.12612005,0.0198269836666667,0.0053121458,100605702520.506,Asia,8757489,0.032,0.019827,1970s
Mauritania,MRT,1987,0.14471814,0.0050624266666666,0.0053997629,1344665270.68865,Africa,4498604,1.51,0.005062,1980s
Iraq,IRQ,2007,2.3533349,0.0561375156666667,0.01759395,88837055195.2619,Asia,42556984,0.923,0.056138,2000s
Estonia,EST,1997,0.098296726,0.0155945896666667,0.0040998613,5154420649.23354,Europe,1329444,0.926,0.015595,1990s
Finland,FIN,2018,0.79453923,0.0588158743333333,0.023895584,275580448365.235,Europe,5529468,2.161,0.058816,2010s
Switzerland,CHE,2007,0.21931094,0.0422084943333333,0.0085448406,493537376707.764,Europe,8638613,1.818,0.042208,2000s
Samoa,WSM,2005,0.0066816496,-0.000161216,0.00015903729,465568018.300557,Oceania,214929,0.994,-0.000161,2000s
Brunei Darussalam,BRN,1995,0.17624084,0.005701184,0.00031200761,4734020036.68689,Asia,441725,0.501,0.005701,1990s
Seychelles,SYC,2012,0.0021867354,0.000425024,6.603389e-05,1060226125.62616,Africa,105530,0.668,0.000425,2010s
Cape Verde,CPV,1995,0.0052129011,0.000271136,0.00030371494,487148993.533109,Africa,582640,1.243,0.000271,1990s
Turkmenistan,TKM,2017,1.6790495,0.075960183,0.01348775,37926285714.2857,Asia,6250438,1.71,0.07596,2010s
Cape Verde,CPV,2018,0.0068900059,0.000509296,0.00027019349,1966503222.76759,Africa,582640,0.702,0.000509,2010s
Jordan,JOR,2019,0.2265272,0.026328034,0.0057654236,44502895915.493,Asia,10928721,1.264,0.026328,2010s
Qatar,QAT,1990,0.39976328,0.011466156,0.00058732858,7360439423.07692,Asia,2760385,0.315,0.011466,1990s
Lesotho,LSO,1980,0.047376861,0.0002320533333333,0.0022221096,431561376.476631,Africa,2254100,0.175,0.000232,1980s
Austria,AUT,2015,0.39489436,0.059826903,0.014290117,381817565893.574,Europe,8907777,2.163,0.059827,2010s
Nigeria,NGA,2015,8.854244,0.134745464333333,0.13020665,486803295097.89,Africa,208327405,1.22,0.134745,2010s
Chile,CHL,1979,0.65914984,0.0421532596666667,0.013062586,21803696985.2349,South America,19300315,0.19,0.042153,1970s
Honduras,HND,2001,0.21248329,0.010721215,0.0072532397,7565854723.75973,North America,10121763,0.147,0.010721,2000s
Chad,TCD,2005,1.0852946,0.0177178826666667,0.047170213,6649307057.03314,Africa,16644701,1.12,0.017718,2000s
Algeria,DZA,2013,2.9107685,0.141103922666667,0.026975886,209755003250.664,Africa,43451666,1.108,0.141104,2010s
Samoa,WSM,2009,0.0065344272,-0.0001856426666666,0.00016497366,584706020.213857,Oceania,214929,0.866,-0.000186,2000s
Namibia,NAM,2020,0.19384696,0.0104792773333333,0.010696526,10619194505.3543,Africa,2489098,0.558,0.010479,2020s
Tonga,TON,1976,0.0025727301,6.5952e-05,0.00010593142,30036416.9619944,Oceania,105254,-0.25,6.6e-05,1970s
Namibia,NAM,1991,0.18720673,0.0036810986666666,0.011827448,2996885561.14873,Africa,2489098,0.056,0.003681,1990s
Mauritius,MUS,1988,0.019652621,0.000835392,0.00081988362,2134517067.65295,Africa,1297828,0.438,0.000835,1980s
Guinea-Bissau,GNB,1983,0.04011273,0.0032084426666666,0.001744774,163577538.326314,Africa,2015828,0.908,0.003208,1980s
Philippines,PHL,1966,1.7210275,0.102476793333333,0.019257145,7189017887.7981,Asia,112190977,0.18,0.102477,1960s
Zimbabwe,ZWE,2010,0.47564379,0.0287838786666667,0.021591596,12041655200.0,Africa,15669666,1.12,0.028784,2010s
Ethiopia,ETH,2003,2.4366486,0.0967877786666667,0.098256251,8623691300.04079,Africa,117190911,0.978,0.096788,2000s
Grenada,GRD,1983,0.0016851023,7.328e-06,3.0444197e-05,131803552.222222,North America,123663,0.502,7e-06,1980s
Honduras,HND,2020,0.35891142,0.0205186303333333,0.010411901,23662231633.9139,North America,10121763,1.541,0.020519,2020s
Madagascar,MDG,1984,0.67849087,0.043551972,0.025187691,3905938480.82352,Africa,28225177,-0.058,0.043552,1980s
Solomon Islands,SLB,2016,0.0073070946,0.0035992693333333,0.00010785298,1378551118.49224,Oceania,691191,0.832,0.003599,2010s
New Zealand,NZL,1994,1.3199244,0.0144287363333333,0.050522969,55314732279.1379,Oceania,5061133,-0.074,0.014429,1990s
Botswana,BWA,1978,0.18000523,0.002297328,0.011340963,590376720.598889,Africa,2546402,-0.019,0.002297,1970s
Antigua and Barbuda,ATG,1984,0.0028962406,0.00023816,6.519555e-05,208372846.296296,North America,92664,0.017,0.000238,1980s
Dominica,DMA,1968,0.00092872227,8.30506666666667e-05,1.6551021e-05,45872947.4074074,North America,71995,-0.268,8.3e-05,1960s
Libya,LBY,1981,1.4390886,0.0271046563333333,0.003810665,28901836158.1921,Africa,6653942,-0.064,0.027105,1980s
New Zealand,NZL,2008,1.3430335,0.007464457,0.049544707,133131369930.414,Oceania,5061133,0.541,0.007464,2000s
Guyana,GUY,1976,0.059128046,0.0193508053333333,0.002360276,454440000.0,South America,797202,-0.331,0.019351,1970s
Mozambique,MOZ,1975,0.37081666,0.0199444656666667,0.020012211,3633406064.83095,Africa,31178239,-0.141,0.019944,1970s
Seychelles,SYC,2002,0.0019104702,0.00034808,7.2237337e-05,697518248.175182,Africa,105530,0.496,0.000348,2000s
Benin,BEN,1982,0.11025505,0.010958225,0.0049940295,1267778489.03079,Africa,12643123,0.244,0.010958,1980s
Cape Verde,CPV,1993,0.0049734079,0.000208848,0.00028293114,490417389.682569,Africa,582640,0.276,0.000209,1990s
Jordan,JOR,1966,0.028082286,0.0017523186666666,0.0014364187,658078969.476337,Asia,10928721,0.742,0.001752,1960s
Antigua and Barbuda,ATG,1985,0.0030046223,0.000267472,6.8626125e-05,240923924.814815,North America,92664,-0.041,0.000267,1980s
Bulgaria,BGR,1975,0.60273074,0.0800914186666667,0.031703178,19839230769.2308,Europe,6979175,0.402,0.080091,1970s
Jamaica,JAM,2006,0.039926173,0.01406873,0.0019106984,11930171468.3796,North America,2820436,0.756,0.014069,2000s
Liberia,LBR,1998,0.039786097,0.013051559,0.00084196014,874000000.0,Africa,5087584,1.261,0.013052,1990s
Sri Lanka,LKA,1972,0.32188161,0.0178519056666667,0.005547823,2553936348.40871,Asia,21715079,-0.12,0.017852,1970s
Togo,TGO,2006,0.14256584,0.0055919726666666,0.0045618202,2351584608.41123,Africa,8442580,1.045,0.005592,2000s
Togo,TGO,2002,0.12760572,0.003704071,0.0040946298,1706698099.44513,Africa,8442580,0.813,0.003704,2000s
Somalia,SOM,2010,0.82085199,0.0147305013333333,0.022739127,4574495666.99486,Africa,16537016,0.903,0.014731,2010s
British Virgin Islands,VGB,2009,0.0004451673,0.000190528,2.2388507e-05,114040245.655299,North America,30910,0.491,0.000191,2000s
Nauru,NRU,1985,8.1336759e-05,0.000124576,1.6405861e-06,47564520.3910861,Oceania,12315,-0.458,0.000125,1980s
Djibouti,DJI,1996,0.030133235,0.00029312,0.00089166834,494004647.73437,Africa,1090156,0.67,0.000293,1990s
Norway,NOR,1981,0.39911688,0.0341409286666667,0.029737823,63596654760.8677,Europe,5379839,-0.487,0.034141,1980s
Bangladesh,BGD,1983,2.3880541,0.0268624686666667,0.046421687,17609048821.5488,Asia,167420951,-0.035,0.026862,1980s
Sri Lanka,LKA,1997,0.39773808,0.015104773,0.007876868,15091913883.7091,Asia,21715079,0.532,0.015105,1990s
Kiribati,KIR,1986,0.00052589665,1.832e-05,1.0371576e-05,32085561.4973262,Oceania,126463,0.349,1.8e-05,1980s
Andorra,AND,1989,0.0029441389,1.832e-05,0.00021644395,795449332.396346,Europe,77700,1.146,1.8e-05,1980s
Myanmar,MMR,2011,2.8753659,0.155358018666667,0.060497184,54118601974.7947,Asia,53423198,0.512,0.155358,2010s
Barbados,BRB,2006,0.0076063577,0.0013305866666666,0.00022669442,4217500000.0,North America,280693,1.033,0.001331,2000s
Guinea,GIN,1983,0.20559518,0.0002809066666666,0.0092882068,1995186720.74733,Africa,13205153,0.687,0.000281,1980s
Belgium,BEL,2007,0.70637744,0.121234228666667,0.033030326,470324254037.777,Europe,11561717,1.88,0.121234,2000s
Albania,ALB,1989,0.15926266,0.009279289,0.005288481,2253090000.0,Europe,2866849,-0.004,0.009279,1980s
Barbados,BRB,1993,0.0088229127,0.001100542,0.00022682053,2063342117.03873,North America,280693,0.644,0.001101,1990s
Cyprus,CYP,2016,0.030401632,0.007082295,0.0012417412,20953442550.3653,Europe,1237537,1.689,0.007082,2010s
Chile,CHL,1981,0.80822848,0.0373584283333333,0.013326152,34509878043.5897,South America,19300315,0.299,0.037358,1980s
Ghana,GHA,1963,0.15420108,0.0121400533333333,0.007438431,1540797516.79469,Africa,32180401,0.133,0.01214,1960s
Brunei Darussalam,BRN,1994,0.16830424,0.0056303466666666,0.00030222827,4087337959.93191,Asia,441725,0.457,0.00563,1990s
Lebanon,LBN,1979,0.047040243,0.0056630736666666,0.001680183,3313540067.93246,Asia,5662923,0.682,0.005663,1970s
Thailand,THA,1983,2.8773667,0.180587128333333,0.043198543,40042826244.2337,Asia,71475664,0.4,0.180587,1980s
Brunei Darussalam,BRN,1973,0.08196539,0.0104008746666667,0.00023684406,433092003.579273,Asia,441725,0.288,0.010401,1970s
Andorra,AND,1979,0.0022683431,0.0,0.00015453732,411578334.159643,Europe,77700,0.015,0.0,1970s
Finland,FIN,1984,0.78274289,0.039069381,0.025890129,52888800949.7428,Europe,5529468,0.757,0.039069,1980s
Israel,ISR,1961,0.69594403,0.0073050416666666,0.0023424292,3138500000.0,Asia,8757489,-0.115,0.007305,1960s
British Virgin Islands,VGB,1977,0.00031608672,2.9312e-05,1.1887221e-05,114040245.655299,North America,30910,0.206,2.9e-05,1970s
Austria,AUT,2016,0.39826349,0.060578903,0.014353412,395568644341.038,Europe,8907777,2.091,0.060579,2010s
Vanuatu,VUT,2000,0.012972356,0.001733072,0.00038117863,272014693.050806,Oceania,311685,0.656,0.001733,2000s
New Zealand,NZL,1981,1.3502884,0.0445417076666667,0.054635511,24417617184.2478,Oceania,5061133,0.418,0.044542,1980s
Djibouti,DJI,1988,0.022485206,0.0003969333333333,0.00063824852,395794538.630775,Africa,1090156,0.547,0.000397,1980s
Togo,TGO,1967,0.049566055,0.0023351893333333,0.0019718612,231706475.464114,Africa,8442580,-0.195,0.002335,1960s
Burundi,BDI,1961,0.044623518,0.0104779236666667,0.0029248301,202999992.0,Africa,12220227,-0.003,0.010478,1960s
Hungary,HUN,2010,0.33843973,0.0440567853333333,0.021688524,132231134158.608,Europe,9750573,0.817,0.044057,2010s
Djibouti,DJI,2003,0.034206739,0.0003358666666666,0.00092788889,622044665.515049,Africa,1090156,1.254,0.000336,2000s
Comoros,COM,2007,0.014638571,0.000142896,0.000197093,795673128.485442,Africa,806166,0.751,0.000143,2000s
Malta,MLT,1993,0.005819469,0.0028093323333333,0.00025041315,2709178326.78271,Europe,515357,0.534,0.002809,1990s
Turks and Caicos Islands,TCA,1975,7.7999503e-05,0.0,9.4011185e-08,358744800.0,North America,44276,0.261,0.0,1970s
Trinidad and Tobago,TTO,1979,0.13907541,0.0164017446666667,0.0006036478,4602416625.0,North America,1518147,0.426,0.016402,1970s
Slovenia,SVN,2008,0.14360028,0.0201348356666667,0.0029712471,55552509154.8264,Europe,2117641,1.577,0.020135,2000s
Togo,TGO,1985,0.066994405,0.0034192443333333,0.0024202631,762359722.701402,Africa,8442580,0.398,0.003419,1980s
North Macedonia,MKD,1993,0.07853026,0.0088168053333333,0.0023017846,2682456896.55172,Europe,2111072,0.044,0.008817,1990s
New Zealand,NZL,1969,1.2890311,0.0392211023333333,0.051040182,5761588761.69421,Oceania,5061133,-0.376,0.039221,1960s
Trinidad and Tobago,TTO,1970,0.09749377,0.009136916,0.0005040114,821850000.0,North America,1518147,0.322,0.009137,1970s
South Sudan,SSD,2014,1.1733733,0.0122353173333333,0.074126361,13962212847.4576,Africa,10606227,1.079,0.012235,2010s
Ghana,GHA,1992,0.3012992,0.0189894783333333,0.012514598,6413901601.83066,Africa,32180401,0.127,0.018989,1990s
Ecuador,ECU,1975,0.37123412,0.055976185,0.0082102155,7731677256.80982,South America,17588595,-0.32,0.055976,1970s
Bhutan,BTN,1966,0.01764748,0.0055448533333333,0.00025739174,128717410.9125,Asia,772506,0.115,0.005545,1960s
Mauritania,MRT,1976,0.12308631,-0.0010344693333333,0.0047862674,775046377.591752,Africa,4498604,-0.623,-0.001034,1970s
Ireland,IRL,2001,0.77838555,0.0400353453333333,0.035685699,109252057270.694,Europe,4946119,0.525,0.040035,2000s
Malawi,MWI,1971,0.065702432,0.0206781276666667,0.0030753919,365386929.835119,Africa,19377061,-0.228,0.020678,1970s
Mali,MLI,1992,0.40939501,0.031056922,0.021219216,2830692638.55831,Africa,21224040,0.235,0.031057,1990s
Equatorial Guinea,GNQ,1997,0.23721858,0.0055558453333333,0.00010295941,442337849.474377,Africa,1596049,0.7715,0.005556,1990s
Nauru,NRU,1964,5.375237e-05,2.9312e-05,7.716556e-07,47564520.3910861,Oceania,12315,-0.5236000000000001,2.9e-05,1960s
New Zealand,NZL,1978,1.2970516,0.0416690373333333,0.052099121,18530518394.6488,Oceania,5061133,0.382,0.041669,1970s
Papua New Guinea,PNG,1993,0.072451131,0.028645152,0.010111825,4974550286.18152,Oceania,9749640,0.206,0.028645,1990s
Lebanon,LBN,1988,0.053335586,0.0072968016666666,0.0017302233,3313540067.93246,Asia,5662923,-0.023,0.007297,1980s
Palau,PLW,2008,0.0019445339,0.000205184,0.00012098873,198283900.0,Oceania,17972,0.6305,0.000205,2000s
Estonia,EST,1992,0.13221526,0.0224565513333333,0.0054030143,4502970889.06373,Europe,1329444,1.615,0.022457,1990s
El Salvador,SLV,1988,0.13780692,0.0043261346666666,0.0044526273,4189880000.0,North America,6292731,0.592,0.004326,1980s
Jamaica,JAM,1987,0.046264985,0.0055133816666666,0.0017223233,3286987551.71597,North America,2820436,1.028,0.005513,1980s
Sri Lanka,LKA,2000,0.37791202,0.0163018323333333,0.0084531114,16330814179.9766,Asia,21715079,0.456,0.016302,2000s
Bahrain,BHR,1999,0.70219886,0.017988735,0.000456445,6621010372.34043,Asia,1477469,1.93,0.017989,1990s
Cape Verde,CPV,2010,0.0067608245,0.000666848,0.00038925587,1664310769.55229,Africa,582640,0.8425,0.000667,2010s
Turks and Caicos Islands,TCA,1992,0.00021629179,6.5952e-05,1.072594e-07,358744800.0,North America,44276,0.194,6.6e-05,1990s
Thailand,THA,1997,3.3275666,0.200660368,0.059558098,150180619366.605,Asia,71475664,0.35,0.20066,1990s
Jamaica,JAM,1965,0.067768105,0.003611457,0.0014070804,972140557.188856,North America,2820436,-0.27,0.003611,1960s
Aruba,ABW,2009,0.002099756,0.002627088,5.649549e-05,2498882681.56425,North America,106585,0.82,0.002627,2000s
Burundi,BDI,1992,0.077001037,0.003000816,0.0036645271,1083037670.60484,Africa,12220227,0.234,0.003001,1990s
Malaysia,MYS,1967,0.29188241,0.0859968286666667,0.01517764,3188945511.56409,Asia,33199993,-0.14,0.085997,1960s
Qatar,QAT,1962,0.033317476,0.000190528,0.00032105261,301791301.791302,Asia,2760385,0.387,0.000191,1960s
Paraguay,PRY,1971,0.32003485,0.020492345,0.0099774529,664571428.571429,South America,6618695,-0.378,0.020492,1970s
Sao Tome and Principe,STP,1988,0.0010672629,0.000340752,2.1744468e-05,75951210.6852445,Africa,218641,0.446,0.000341,1980s
Croatia,HRV,1994,0.16406558,0.017776101,0.0086901819,22717081924.7143,Europe,4096868,1.702,0.017776,1990s
Oman,OMN,1990,0.58881915,0.0113445743333333,0.0015015185,11685045513.6541,Asia,4543399,0.203,0.011345,1990s
Botswana,BWA,1973,0.14151642,0.001846656,0.0092800328,244129088.027662,Africa,2546402,0.661,0.001847,1970s
Maldives,MDV,2001,0.0026160154,0.000461664,5.0987052e-05,870030468.628748,Asia,514438,0.527,0.000462,2000s
Angola,AGO,2007,1.9959344,0.126335724333333,0.060800281,65266452081.386,Africa,33428485,0.676,0.126336,2000s
Austria,AUT,2018,0.38531346,0.0600963266666667,0.013955943,454945881027.378,Europe,8907777,2.523,0.060096,2010s
Montenegro,MNE,2015,0.032852208,0.0006509706666666,0.00079212206,4052913385.82677,Europe,629048,1.766,0.000651,2010s
Suriname,SUR,2007,0.028544277,0.003148704,0.00085682688,2936612021.85792,South America,607065,1.388,0.003149,2000s
Guinea-Bissau,GNB,1992,0.043055852,0.0024390026666666,0.0018625478,226313443.749086,Africa,2015828,0.779,0.002439,1990s
Oman,OMN,2003,1.1550018,0.031990893,0.002410678,21633708192.4577,Asia,4543399,1.054,0.031991,2000s
Peru,PER,1984,0.9126047,0.0588968273333333,0.019834492,17599660054.286,South America,33304756,0.213,0.058897,1980s
Myanmar,MMR,1966,1.3589429,0.0757685123333333,0.026111953,317816209.973753,Asia,53423198,0.371,0.075769,1960s
Cambodia,KHM,2005,0.75379345,0.0261988213333333,0.012321641,6293046161.83262,Asia,16396860,0.675,0.026199,2000s
Ghana,GHA,1994,0.31513557,0.0352924853333333,0.012708898,5444560669.45607,Africa,32180401,0.506,0.035292,1990s
Sudan,SDN,2015,2.4124665,0.0636064276666667,0.10167726,51726758676.7677,Africa,44440486,1.565,0.063606,2010s
Croatia,HRV,2013,0.17534852,0.0166246176666667,0.007968827,58889082315.336,Europe,4096868,1.243,0.016625,2010s
Chile,CHL,1971,0.6437913,0.060287709,0.011714259,10884114754.0984,South America,19300315,-0.371,0.060288,1970s
Peru,PER,1986,0.90624985,0.056473187,0.022108976,15244232957.8759,South America,33304756,0.125,0.056473,1980s
Dominican Republic,DOM,1979,0.2395535,0.020415666,0.0057791092,5498800000.0,North America,10999664,0.098,0.020416,1970s
Hungary,HUN,1962,0.44520372,0.04860694,0.024879001,34753569692.915,Europe,9750573,-0.416,0.048607,1960s
Uganda,UGA,1987,0.35662304,0.0318270806666667,0.016064591,6269511614.66235,Africa,44404611,0.825,0.031827,1980s
Ireland,IRL,1994,0.69464732,0.022270927,0.035233036,57097656065.96,Europe,4946119,0.259,0.022271,1990s
Jordan,JOR,1978,0.035008023,0.003773907,0.0017254903,2602748691.09948,Asia,10928721,0.056,0.003774,1970s
Sierra Leone,SLE,2014,0.19756159,0.014923472,0.0059109371,5015157815.73406,Africa,8233969,0.671,0.014923,2010s
Solomon Islands,SLB,1996,0.0042670571,0.0011749226666666,8.7659315e-05,510598923.283984,Oceania,691191,0.092,0.001175,1990s
Nigeria,NGA,1989,6.4552778,0.175293573666667,0.069352471,44003061108.3357,Africa,208327405,-0.383,0.175294,1980s
Seychelles,SYC,2001,0.0018853392,0.000344416,7.7638309e-05,622262057.191635,Africa,105530,0.702,0.000344,2000s
Niger,NER,1961,0.21137609,0.0091538933333333,0.0093447961,485785234.940376,Africa,24333639,-0.642,0.009154,1960s
Morocco,MAR,2014,0.9987511,0.0596420093333333,0.02944978,110081248587.369,Africa,36688772,1.631,0.059642,2010s
Switzerland,CHE,1999,0.2260763,0.0434075126666667,0.0092692426,298520480628.412,Europe,8638613,0.987,0.043408,1990s
Nigeria,NGA,1983,4.8324914,0.128893780333333,0.054702408,97094911790.6948,Africa,208327405,0.257,0.128894,1980s
Kiribati,KIR,2000,0.00070751829,3.2976e-05,1.4722772e-05,67254174.3970315,Oceania,126463,0.243,3.3e-05,2000s
Djibouti,DJI,1966,0.0061434911,0.0001148053333333,0.00027177445,340989527.967995,Africa,1090156,0.051,0.000115,1960s
Bangladesh,BGD,2020,4.0499805,0.113859646666667,0.10970207,323056957972.312,Asia,167420951,1.165,0.11386,2020s
Mauritania,MRT,1998,0.20821976,0.002315648,0.0079015922,2032345831.83005,Africa,4498604,1.666,0.002316,1990s
Morocco,MAR,1999,0.71636598,0.035759589,0.023046616,41632027599.8531,Africa,36688772,0.941,0.03576,1990s
Suriname,SUR,1990,0.029692604,0.004009048,0.0006703151,388400000.0,South America,607065,0.413,0.004009,1990s
Madagascar,MDG,1971,0.540925,0.0369450373333333,0.020784325,1199507629.99179,Africa,28225177,-0.238,0.036945,1970s
Norway,NOR,1993,0.61166391,0.0403845866666667,0.016931429,120579072750.596,Europe,5379839,0.709,0.040385,1990s
Central African Republic,CAF,1995,0.38134382,0.0100772213333333,0.028018922,1115389731.79119,Africa,5343020,-0.038,0.010077,1990s
Mauritius,MUS,1961,0.01128668,0.000150224,0.00051334964,704033525.405972,Africa,1297828,0.411,0.00015,1960s
Greece,GRC,1972,0.45493362,0.035544351,0.020765967,16885511363.6364,Europe,10512232,-0.189,0.035544,1970s
Namibia,NAM,1985,0.13065438,0.00102592,0.0078447528,1608219310.31522,Africa,2489098,0.475,0.001026,1980s
Timor-Leste,TLS,1986,0.014638322,0.00337088,0.00032383125,367087900.0,Asia,1299995,0.374,0.003371,1980s
Belize,BLZ,1982,0.0076978505,0.0019553546666666,0.00031040741,182206326.985709,North America,394921,0.724,0.001955,1980s
New Zealand,NZL,2019,1.3189358,0.020926154,0.050814549,212891048340.608,Oceania,5061133,1.026,0.020926,2010s
Senegal,SEN,1985,0.22691033,0.0031878906666666,0.010667098,3818944603.0069,Africa,16436119,0.526,0.003188,1980s
Austria,AUT,2017,0.398793,0.0629731983333333,0.014156568,416230497429.163,Europe,8907777,1.733,0.062973,2010s
Bosnia and Herzegovina,BIH,2020,0.19982521,0.0214336956666667,0.005508806,19946496562.9733,Europe,3318407,1.849,0.021434,2020s
Angola,AGO,1969,0.5673273,0.037041493,0.030250846,5934073603.54849,Africa,33428485,0.183,0.037041,1960s
Lesotho,LSO,1978,0.04277687,0.0005496,0.0020157999,266559337.626495,Africa,2254100,0.092,0.00055,1970s
Myanmar,MMR,2000,2.2514582,0.134877534333333,0.047026533,6849321645.95623,Asia,53423198,0.143,0.134878,2000s
Angola,AGO,2017,2.1686244,0.134248516666667,0.064603725,122123822333.59,Africa,33428485,0.626,0.134249,2010s
Somalia,SOM,1982,0.68395578,0.0051760106666666,0.022840772,774419569.699066,Africa,16537016,0.344,0.005176,1980s
Afghanistan,AFG,2018,0.63589088,0.012173728,0.015983347,18053228578.8878,Asia,38972230,1.548,0.012174,2010s
Chad,TCD,2017,1.9192039,0.029751147,0.07962488,10000395242.1457,Africa,16644701,0.895,0.029751,2010s
Sierra Leone,SLE,2011,0.16706158,0.0208139626666667,0.0045383253,2942546781.04548,Africa,8233969,0.952,0.020814,2010s
Papua New Guinea,PNG,1978,0.03839531,0.020763888,0.0097061656,1947947524.33347,Oceania,9749640,0.143,0.020764,1970s
Mauritius,MUS,1973,0.017141929,0.00065952,0.0006359689,704033525.405972,Africa,1297828,-0.063,0.00066,1970s
Lesotho,LSO,1986,0.051153673,0.0009282133333333,0.0023635429,318862888.402626,Africa,2254100,0.485,0.000928,1980s
Albania,ALB,2001,0.12606172,0.002414576,0.0040374782,3922100793.5403,Europe,2866849,1.591,0.002415,2000s
Mauritania,MRT,1992,0.17026774,0.003176688,0.0063239633,2164292208.16528,Africa,4498604,0.803,0.003177,1990s
Chad,TCD,1972,0.33707887,0.0002430453333333,0.017972139,585427545.723712,Africa,16644701,0.162,0.000243,1970s
Tonga,TON,1980,0.003404464,8.91573333333333e-05,0.00013472909,53260077.4311091,Oceania,105254,0.101,8.9e-05,1980s
Grenada,GRD,2020,0.001967087,0.00024932,5.4665279e-05,1042100555.55556,North America,123663,1.346,0.000249,2020s
Costa Rica,CRI,1978,0.15326947,0.0307095896666667,0.005154742,3523208809.80163,North America,5123105,0.24,0.03071,1970s
Austria,AUT,2000,0.45953554,0.0583332466666667,0.016461857,196799778883.361,Europe,8907777,1.766,0.058333,2000s
Zimbabwe,ZWE,1975,0.35592487,0.016444992,0.017107272,4371300700.0,Africa,15669666,-0.248,0.016445,1970s
Mozambique,MOZ,2001,0.50467051,0.0581383673333333,0.029359882,5398568543.63492,Africa,31178239,0.512,0.058138,2000s
Tuvalu,TUV,1998,0.00028842699,1.0992e-05,3.8894282e-06,12757632.8684508,Oceania,11069,0.193,1.1e-05,1990s
Burundi,BDI,2010,0.11685054,0.004840144,0.0049110659,2032135246.50004,Africa,12220227,1.284,0.00484,2010s
Sri Lanka,LKA,2009,0.41667774,0.0317165383333333,0.0095840299,42066217871.5349,Asia,21715079,0.542,0.031717,2000s
Antigua and Barbuda,ATG,2007,0.0031058735,0.000406704,9.133511e-05,1312759259.25926,North America,92664,0.794,0.000407,2000s
Colombia,COL,1984,2.1352648,0.089371939,0.053089413,38253120737.9671,South America,50930662,-0.207,0.089372,1980s
Portugal,PRT,1972,0.36925377,0.0190889643333333,0.014992827,11239117865.0852,Europe,10298192,-0.924,0.019089,1970s
Somalia,SOM,2001,0.79639465,0.0172586613333333,0.023977757,4574495666.99486,Africa,16537016,0.652,0.017259,2000s
Somalia,SOM,2009,0.81129067,0.0153509386666667,0.022511105,4574495666.99486,Africa,16537016,1.114,0.015351,2000s
Bangladesh,BGD,2000,3.0127253,0.0383471176666667,0.076498048,53369787318.6245,Asia,167420951,0.339,0.038347,2000s
Aruba,ABW,1965,0.00065319802,0.000592387,3.9391434e-06,405463417.11746,North America,106585,-0.299,0.000592,1960s
Iraq,IRQ,1998,1.9654397,0.069390157,0.019048477,20617405044.2425,Asia,42556984,1.25,0.06939,1990s
Fiji,FJI,1968,0.017428634,0.0007863306666666,0.00070598226,166952937.135005,Oceania,920422,-0.118,0.000786,1960s
Nepal,NPL,1996,0.80280895,0.0120379523333333,0.016277919,4521580381.47139,Asia,29348627,0.262,0.012038,1990s
Cameroon,CMR,2009,0.7437507,0.05778013,0.020161516,27932971683.4215,Africa,26491087,0.93,0.05778,2000s
United Arab Emirates,ARE,2011,1.485307,0.192405106,0.00737218,350666031313.819,Asia,9287289,1.19,0.192405,2010s
Chad,TCD,2010,1.3238272,0.0259508906666667,0.05620658,10668102734.8132,Africa,16644701,1.298,0.025951,2010s
Zimbabwe,ZWE,1977,0.37549689,0.016685691,0.017247519,4364382100.0,Africa,15669666,0.458,0.016686,1970s
Myanmar,MMR,2010,2.943649,0.156561361,0.059033391,37796052938.7278,Asia,53423198,1.228,0.156561,2010s
Ireland,IRL,1971,0.58529205,0.0217189543333333,0.026564079,5098250287.46646,Europe,4946119,0.315,0.021719,1970s
Somalia,SOM,1986,0.70451611,0.0058086613333333,0.023550207,930318705.332201,Africa,16537016,0.103,0.005809,1980s
Nauru,NRU,1984,7.8778855e-05,0.000124576,1.6267717e-06,47564520.3910861,Oceania,12315,-0.527,0.000125,1980s
Saudi Arabia,SAU,1965,0.30285407,0.0036178006666666,0.0032842469,4187777711.11111,Asia,35997107,0.139,0.003618,1960s
Brunei Darussalam,BRN,2001,0.22316319,0.0054031786666666,0.00042823418,5601090584.36122,Asia,441725,0.587,0.005403,2000s
Burundi,BDI,2015,0.13142506,0.0046566103333333,0.0054752787,3104394858.11518,Africa,12220227,1.284,0.004657,2010s
Romania,ROU,1998,0.94035256,0.099965431,0.036962342,41694118972.5101,Europe,19442038,0.828,0.099965,1990s
Uganda,UGA,1963,0.24446541,0.059349264,0.012998671,516147798.742138,Africa,44404611,-0.214,0.059349,1960s
Pakistan,PAK,1987,3.4196854,0.0502282906666667,0.089239496,33351529274.6869,Asia,227196741,0.12,0.050228,1980s
Namibia,NAM,2009,0.23720201,0.008222016,0.015228881,8938868165.39165,Africa,2489098,0.52,0.008222,2000s
Bahrain,BHR,2005,0.64198726,0.019804053,0.00064501,15968723404.2553,Asia,1477469,1.007,0.019804,2000s
Djibouti,DJI,1977,0.012609991,0.0002222826666666,0.00042208835,340989527.967995,Africa,1090156,0.226,0.000222,1970s
Suriname,SUR,2014,0.036114037,0.005780082,0.0010826559,5240606060.60606,South America,607065,1.558,0.00578,2010s
Dominican Republic,DOM,1983,0.25751204,0.0138134883333333,0.0059931467,9220600000.0,North America,10999664,0.539,0.013813,1980s
Guatemala,GTM,1965,0.16744587,0.028501305,0.0042512708,1331399900.0,North America,17362718,-0.14,0.028501,1960s
Solomon Islands,SLB,1987,0.0032633871,0.0011749226666666,7.8345286e-05,155244493.4353,Oceania,691191,-0.371,0.001175,1980s
Albania,ALB,1985,0.14834438,0.0082967933333333,0.004669711,1897050133.42015,Europe,2866849,-0.038,0.008297,1980s
Philippines,PHL,1962,1.654223,0.0950964483333333,0.017039551,4954529277.11044,Asia,112190977,-0.101,0.095096,1960s
Chad,TCD,2002,0.90260498,0.0159958026666667,0.040145342,1997005786.54118,Africa,16644701,0.733,0.015996,2000s
Singapore,SGP,2016,0.18799619,0.035947504,0.0013575518,318763807455.664,Asia,5909869,0.077,0.035948,2010s
Malta,MLT,1992,0.005723014,0.0022310133333333,0.00023534493,3021910216.71827,Europe,515357,0.184,0.002231,1990s
Equatorial Guinea,GNQ,1995,0.15987339,0.0047253386666666,9.3421507e-05,141853368.256815,Africa,1596049,0.955,0.004725,1990s
Somalia,SOM,1969,0.50755386,0.0031779093333333,0.017876037,306357284.571429,Africa,16537016,0.009,0.003178,1960s
Jordan,JOR,2008,0.1478568,0.021230957,0.0048183923,22657662392.5602,Asia,10928721,0.755,0.021231,2000s
Armenia,ARM,2009,0.058412665,0.006268612,0.0027805603,8647936747.98704,Asia,2805608,0.673,0.006269,2000s
Papua New Guinea,PNG,1975,0.034699999,0.0188866986666667,0.0095616669,1356591176.85561,Oceania,9749640,0.039,0.018887,1970s
Hungary,HUN,1992,0.45950704,0.0564544853333333,0.019417983,38730585922.2189,Europe,9750573,0.932,0.056454,1990s
Hungary,HUN,2005,0.38141549,0.0539253386666667,0.028108643,113236711635.539,Europe,9750573,0.252,0.053925,2000s
Peru,PER,1974,0.78571408,0.0664412063333333,0.021952039,13858441211.2196,South America,33304756,-0.297,0.066441,1970s
Myanmar,MMR,2001,2.2972861,0.12662928,0.045881367,6220271055.11329,Asia,53423198,0.592,0.126629,2000s
Grenada,GRD,1982,0.0016670387,7.328e-06,3.0976178e-05,125435590.0,North America,123663,0.208,7e-06,1980s
Angola,AGO,2014,2.1149987,0.142932972666667,0.060643678,145712200312.505,Africa,33428485,0.564,0.142933,2010s
Peru,PER,2014,1.3376067,0.0923548486666667,0.030634986,200789362451.567,South America,33304756,0.947,0.092355,2010s
Kenya,KEN,1981,0.70947974,0.026148738,0.024642191,6854491453.90208,Africa,51985780,0.267,0.026149,1980s
Philippines,PHL,1961,1.6328334,0.095256204,0.01627462,8171186334.44451,Asia,112190977,-0.135,0.095256,1960s
Slovenia,SVN,2016,0.12388395,0.016516424,0.0029075852,44736333522.4522,Europe,2117641,2.034,0.016516,2010s
Peru,PER,1963,0.67442126,0.082477244,0.019936573,3600957771.15299,South America,33304756,0.01,0.082477,1960s
Turks and Caicos Islands,TCA,2003,0.00024683246,0.000194192,3.358438e-06,409753640.0,North America,44276,0.194,0.000194,2000s
Mozambique,MOZ,2014,0.8076794,0.044817051,0.034579513,17716084107.5888,Africa,31178239,0.633,0.044817,2010s
Brunei Darussalam,BRN,1969,0.0032671934,0.001073552,0.00023049607,161211289.690318,Asia,441725,0.207,0.001074,1960s
Malta,MLT,1995,0.00562257,0.0023539266666666,0.00024757335,3720400535.01945,Europe,515357,0.368,0.002354,1990s
Dominican Republic,DOM,1982,0.24519836,0.013631486,0.0055517321,8267400000.0,North America,10999664,0.154,0.013631,1980s
Mozambique,MOZ,2011,0.62115828,0.049016548,0.031938027,14381552432.9494,Africa,31178239,0.718,0.049017,2010s
Georgia,GEO,1996,0.1291841,-0.0001109346666666,0.0061990578,3095047603.8083,Asia,3765912,0.218,-0.000111,1990s
Seychelles,SYC,2000,0.0018761278,0.000315104,8.0097862e-05,614879764.780006,Africa,105530,0.384,0.000315,2000s
Seychelles,SYC,2008,0.0020836729,0.000414032,7.5652397e-05,967199593.960157,Africa,105530,0.344,0.000414,2000s
Guyana,GUY,2001,0.058621271,0.0086445973333333,0.0026497123,712167575.624277,South America,797202,0.843,0.008645,2000s
Aruba,ABW,1969,0.00074062233,0.000830405,4.6229396e-06,405463417.11746,North America,106585,0.444,0.00083,1960s
Trinidad and Tobago,TTO,1968,0.092773874,0.003743746,0.00045378507,758899950.0,North America,1518147,-0.203,0.003744,1960s
Burkina Faso,BFA,1998,0.40760931,0.014855422,0.019503428,2804902248.28537,Africa,21522626,1.004,0.014855,1990s
Portugal,PRT,1987,0.41235213,0.032077704,0.014518926,48182925857.4071,Europe,10298192,0.704,0.032078,1980s
Swaziland,SWZ,1976,0.041399365,0.0007853173333333,0.00131058,272539098.436063,Africa,1180655,-0.312,0.000785,1970s
Madagascar,MDG,1985,0.67912568,0.0408684976666667,0.025204195,3802557894.90614,Africa,28225177,0.148,0.040868,1980s
Honduras,HND,1993,0.20815108,0.0337672303333333,0.0058534434,4926728932.95069,North America,10121763,-0.108,0.033767,1990s
Rwanda,RWA,2011,0.14076708,0.0044697953333333,0.0057226614,6881038269.61727,Africa,13146362,1.291,0.00447,2010s
Solomon Islands,SLB,2006,0.0053426918,0.0022802293333333,9.7126337e-05,538668769.301531,Oceania,691191,0.34,0.00228,2000s
Samoa,WSM,1961,0.0024783112,0.000458,6.1214322e-05,121221651.619316,Oceania,214929,0.048,0.000458,1960s
Libya,LBY,1995,1.7299164,0.0470700506666667,0.004949248,25544128198.9955,Africa,6653942,0.321,0.04707,1990s
Solomon Islands,SLB,2008,0.0057218283,0.002799296,9.9329211e-05,699157190.980782,Oceania,691191,0.33949999999999997,0.002799,2000s
Niger,NER,1978,0.33961772,-4.73276666666667e-05,0.014044509,1774365275.18226,Africa,24333639,0.157,-4.7e-05,1970s
Argentina,ARG,1974,4.2794015,0.133696139,0.12328129,72436777342.4554,South America,45036032,-0.139,0.133696,1970s
Guatemala,GTM,2016,0.60765754,0.0316435576666667,0.016261557,66053725049.0138,North America,17362718,1.472,0.031644,2010s
Paraguay,PRY,2008,0.77131253,0.0843241406666667,0.025013307,24616537618.2325,South America,6618695,0.393,0.084324,2000s
Cuba,CUB,2011,0.55966178,0.0193062306666667,0.014407354,68990000000.0,North America,11300698,0.452,0.019306,2010s
Paraguay,PRY,1993,0.60910741,0.052011701,0.019816953,7249533620.30614,South America,6618695,0.299,0.052012,1990s
Syria,SYR,2002,0.83058905,0.0383172906666667,0.018428669,90558485523.3853,Asia,20772595,0.863,0.038317,2000s
Peru,PER,2001,1.0291739,0.0936901786666667,0.025894649,52030158775.4055,South America,33304756,0.338,0.09369,2000s
Philippines,PHL,1997,2.3934243,0.118292184333333,0.039741352,94106183450.2675,Asia,112190977,0.412,0.118292,1990s
Portugal,PRT,2009,0.41040283,0.0524320666666667,0.011955922,243701635176.438,Europe,10298192,1.331,0.052432,2000s
Suriname,SUR,2011,0.0349772,0.0042914853333333,0.0010265237,4422276621.78703,South America,607065,1.346,0.004291,2010s
Malawi,MWI,2003,0.1541488,0.0194554273333333,0.0066739398,3208837077.25069,Africa,19377061,0.983,0.019455,2000s
Mauritania,MRT,1990,0.16843194,0.003125392,0.0063143495,1506914407.82331,Africa,4498604,1.433,0.003125,1990s
Iceland,ISL,2007,0.02314262,0.003556969,0.0013649814,21652505596.7528,Europe,366669,1.068,0.003557,2000s
Senegal,SEN,2019,0.42385013,0.0133599103333333,0.018938421,23306213742.3602,Africa,16436119,1.486,0.01336,2010s
Panama,PAN,1961,0.064635125,0.0114104713333333,0.0022543547,599026300.0,North America,4294396,-0.117,0.01141,1960s
Cambodia,KHM,1973,0.35998943,0.003825216,0.0081797206,702899155.982033,Asia,16396860,0.353,0.003825,1970s
Belize,BLZ,1961,0.0041411801,0.0014411733333333,0.00020935351,29964370.7125857,North America,394921,0.019,0.001441,1960s
Seychelles,SYC,1983,0.0014796009,9.8928e-05,3.7043578e-05,146712850.509248,Africa,105530,0.533,9.9e-05,1980s
Mongolia,MNG,1963,0.28064598,0.028568208,0.024898216,2310099100.0,Asia,3294335,1.153,0.028568,1960s
Uruguay,URY,2007,0.86058424,0.0131167276666667,0.026142316,23410572634.3147,South America,3429086,0.231,0.013117,2000s
Rwanda,RWA,1973,0.064324171,0.0130890293333333,0.0028912108,290746157.145921,Africa,13146362,0.487,0.013089,1970s
Switzerland,CHE,1992,0.2624589,0.0452592853333333,0.010067916,280156819798.037,Europe,8638613,0.973,0.045259,1990s
Marshall Islands,MHL,2015,0.0,0.000142896,0.0,183814300.0,Oceania,43413,0.789,0.000143,2010s
Mongolia,MNG,1999,0.45305678,0.0257831653333333,0.031814283,1057408588.68269,Asia,3294335,1.791,0.025783,1990s
Cyprus,CYP,1977,0.013386945,0.000647538,0.000709564,734887973.975806,Europe,1237537,0.135,0.000648,1970s
Guatemala,GTM,2001,0.38729979,0.05244254,0.01077476,18405203853.1036,North America,17362718,0.312,0.052443,2000s
Ecuador,ECU,2013,0.89880945,0.0620298046666667,0.018212423,95129659000.0,South America,17588595,0.591,0.06203,2010s
Comoros,COM,2003,0.013750853,0.000245488,0.00018396173,546885184.990174,Africa,806166,0.593,0.000245,2000s
Marshall Islands,MHL,2011,0.0,0.000139232,0.0,172188500.0,Oceania,43413,0.467,0.000139,2010s
Seychelles,SYC,2013,0.0022261049,0.000414032,6.022138e-05,1328157608.83087,Africa,105530,0.488,0.000414,2010s
Sudan,SDN,2014,2.3810422,0.068465227,0.101006,49516748617.9775,Africa,44440486,1.024,0.068465,2010s
Benin,BEN,2010,0.21118997,0.02310931,0.0076061403,9535344283.47295,Africa,12643123,1.287,0.023109,2010s
Antigua and Barbuda,ATG,1983,0.0029138043,0.000102592,5.887856e-05,182144092.962963,North America,92664,0.498,0.000103,1980s
Guinea,GIN,1969,0.16414889,0.0093456426666666,0.0080298094,1995186720.74733,Africa,13205153,0.43,0.009346,1960s
Equatorial Guinea,GNQ,2010,0.4262627,0.0089719146666666,0.00020760472,16314443428.9408,Africa,1596049,0.881,0.008972,2010s
Suriname,SUR,1977,0.024346026,0.0033875536666666,0.00054480912,641500000.0,South America,607065,0.215,0.003388,1970s
Namibia,NAM,1974,0.16896076,0.0008182933333333,0.0096719796,2422096074.58458,Africa,2489098,-0.728,0.000818,1970s
Georgia,GEO,1998,0.12501683,0.000908772,0.0061889656,3613541516.765,Asia,3765912,1.281,0.000909,1990s
Madagascar,MDG,1963,0.52640462,0.0454309793333333,0.021666436,759345862.971331,Africa,28225177,-0.311,0.045431,1960s
Papua New Guinea,PNG,2018,0.35373491,0.040974861,0.013003531,24109509852.7402,Oceania,9749640,0.428,0.040975,2010s
Guinea,GIN,1994,0.26650597,0.0058269813333333,0.010541717,3383092827.5866,Africa,13205153,0.522,0.005827,1990s
Andorra,AND,2012,0.0036576845,0.000487312,0.00017390431,3188808942.56713,Europe,77700,1.212,0.000487,2010s
Denmark,DNK,1962,0.45076431,0.0379035906666667,0.023867046,11931739858.7046,Europe,5825641,-0.642,0.037904,1960s
Albania,ALB,2011,0.10535353,0.0055100893333333,0.0040375832,12890764531.3284,Europe,2866849,1.032,0.00551,2010s
Ghana,GHA,1984,0.23941206,0.0220717553333333,0.010155995,4412279843.44423,Africa,32180401,0.654,0.022072,1980s
Maldives,MDV,2015,0.0054523801,0.001311712,0.00015257489,4109424799.72407,Asia,514438,0.758,0.001312,2010s
Botswana,BWA,2019,0.12410592,0.0147451573333333,0.005416939,16593720655.6402,Africa,2546402,1.537,0.014745,2010s
Rwanda,RWA,1986,0.079566212,0.0086091786666666,0.0031712598,1944711061.30888,Africa,13146362,0.804,0.008609,1980s
British Virgin Islands,VGB,1995,0.00037296737,0.00010992,1.2363455e-05,114040245.655299,North America,30910,0.561,0.00011,1990s
Libya,LBY,1968,2.1376492,0.028795376,0.0021040395,28901836158.1921,Africa,6653942,-0.022,0.028795,1960s
Spain,ESP,1965,1.023969,0.0663915966666667,0.050491895,24756958694.9238,Europe,47363807,-0.193,0.066392,1960s
Cameroon,CMR,1987,0.77952949,0.0277596853333333,0.014932026,13049658331.1317,Africa,26491087,0.444,0.02776,1980s
Latvia,LVA,2014,0.095012144,0.0081856676666666,0.0065768498,31345148670.5896,Europe,1897052,2.288,0.008186,2010s
Oman,OMN,2014,1.1744092,0.066006541,0.00399089,92699089726.9181,Asia,4543399,0.805,0.066007,2010s
Central African Republic,CAF,1978,0.20042174,0.0097096,0.014878251,610578523.761178,Africa,5343020,0.033,0.00971,1970s
Samoa,WSM,1999,0.0059950288,-0.000120912,0.00014059721,258833766.580017,Oceania,214929,0.115,-0.000121,1990s
Georgia,GEO,2005,0.13339348,-0.0004661986666666,0.0067121273,6410823633.25426,Asia,3765912,0.463,-0.000466,2000s
Costa Rica,CRI,1988,0.17647564,0.0085606953333333,0.0058112304,4614629898.40348,North America,5123105,0.206,0.008561,1980s
Comoros,COM,1975,0.007913901,3.2976e-05,0.00016584899,212218226.429847,Africa,806166,-0.151,3.3e-05,1970s
Cameroon,CMR,1970,0.20490104,0.0358728836666667,0.010198784,1151217146.98569,Africa,26491087,0.16,0.035873,1970s
Paraguay,PRY,2016,0.95426176,0.077136035,0.03264724,36089550659.0914,South America,6618695,0.375,0.077136,2010s
Madagascar,MDG,1969,0.58977448,0.0382836176666667,0.023690248,1056391054.5386,Africa,28225177,0.394,0.038284,1960s
Suriname,SUR,1986,0.032886298,0.0045171413333333,0.00069391109,891000000.0,South America,607065,0.152,0.004517,1980s
Fiji,FJI,1971,0.019374915,0.001062231,0.00075564718,247749327.721267,Oceania,920422,0.133,0.001062,1970s
Qatar,QAT,1981,0.35521283,0.012895644,0.00037353237,8661263763.73626,Asia,2760385,0.566,0.012896,1980s
Rwanda,RWA,1991,0.091610101,0.0047101626666666,0.0033858546,1911600969.76612,Africa,13146362,0.096,0.00471,1990s
Lebanon,LBN,1970,0.036311133,0.0044414716666666,0.0015793464,3313540067.93246,Asia,5662923,0.416,0.004441,1970s
Finland,FIN,1980,0.77000508,0.0573087813333333,0.025509981,53645202422.6968,Europe,5529468,-0.383,0.057309,1980s
Cyprus,CYP,1990,0.01780609,0.0031021236666666,0.001133732,5591130217.66965,Europe,1237537,0.085,0.003102,1990s
Nauru,NRU,2008,0.00012276296,4.3968e-05,1.8060967e-06,47564520.3910861,Oceania,12315,-0.833,4.4e-05,2000s
Cameroon,CMR,2008,0.74076389,0.0449850026666667,0.02064862,27715144580.2691,Africa,26491087,0.518,0.044985,2000s
Timor-Leste,TLS,2009,0.14686511,0.002799296,0.00077836407,726882400.0,Asia,1299995,0.826,0.002799,2000s
Panama,PAN,2004,0.13980199,0.0128069166666667,0.004214284,15013381700.0,North America,4294396,0.773,0.012807,2000s
Thailand,THA,1998,3.2219026,0.177909049666667,0.059504824,113675561057.462,Asia,71475664,1.397,0.177909,1990s
Uganda,UGA,1988,0.37173039,0.0305657016666667,0.01661397,6508931651.66667,Africa,44404611,0.671,0.030566,1980s
Grenada,GRD,2006,0.0018341973,0.000120912,4.348054e-05,698700666.666667,North America,123663,0.971,0.000121,2000s
Guinea,GIN,1970,0.1704695,0.007753024,0.0084405491,1995186720.74733,Africa,13205153,0.33,0.007753,1970s
Guinea,GIN,2009,0.46869386,0.018635104,0.016478657,6716904568.76482,Africa,13205153,0.884,0.018635,2000s
Cape Verde,CPV,1974,0.0025829111,6.5952e-05,7.773567e-05,142246875.536716,Africa,582640,-0.593,6.6e-05,1970s
Angola,AGO,1986,0.69943012,0.0181662133333333,0.024794085,7076793822.60201,Africa,33428485,0.173,0.018166,1980s
Afghanistan,AFG,1961,0.34702598,0.012581998,0.010696164,548888895.555556,Asia,38972230,-0.098,0.012582,1960s
Cameroon,CMR,1971,0.21074972,0.0372415523333333,0.010329522,1236941200.95222,Africa,26491087,-0.158,0.037242,1970s
Uruguay,URY,2004,0.83893858,0.000948182,0.024994813,13686329890.1191,South America,3429086,0.536,0.000948,2000s
Switzerland,CHE,1987,0.27543958,0.0395945783333333,0.01064341,199403912956.009,Europe,8638613,-0.006,0.039595,1980s
Haiti,HTI,1982,0.16850053,0.001110423,0.0039779772,1474200000.0,North America,11306801,0.486,0.00111,1980s
Turks and Caicos Islands,TCA,2017,0.0003981382,0.000388384,1.1589305e-05,1022365000.0,North America,44276,0.194,0.000388,2010s
Swaziland,SWZ,2014,0.039681582,0.0007450133333333,0.0015176769,4422968339.67584,Africa,1180655,0.543,0.000745,2010s
Belize,BLZ,1987,0.0081053618,0.0052590613333333,0.00034358159,281082558.5859,North America,394921,0.552,0.005259,1980s
Afghanistan,AFG,1975,0.42683612,0.006994503,0.012519883,2366666615.55556,Asia,38972230,-0.457,0.006995,1970s
Liberia,LBR,1963,0.019933447,0.0065597813333333,0.00067853623,874000000.0,Africa,5087584,0.131,0.00656,1960s
Paraguay,PRY,2002,0.66347156,0.067061264,0.022719409,7196260656.84556,South America,6618695,1.207,0.067061,2000s
Zambia,ZMB,2012,0.69239999,0.0648905363333333,0.051814087,25503060420.026,Africa,18927715,0.952,0.064891,2010s
Switzerland,CHE,1961,0.23991229,0.020104463,0.0084036762,10712712465.0522,Europe,8638613,0.995,0.020104,1960s
Afghanistan,AFG,1969,0.41281253,0.0084280053333333,0.012350749,1408888922.22222,Asia,38972230,-0.533,0.008428,1960s
Namibia,NAM,1998,0.18134656,0.0064461973333333,0.011492756,3873098656.00637,Africa,2489098,1.187,0.006446,1990s
Fiji,FJI,2008,0.03871326,0.00111752,0.001284223,3523185919.55826,Oceania,920422,0.68,0.001118,2000s
Ecuador,ECU,1977,0.39803613,0.0638000943333333,0.0097031642,11026346589.5011,South America,17588595,0.363,0.0638,1970s
Botswana,BWA,1979,0.21492736,0.0022851146666666,0.014513902,819877300.613497,Africa,2546402,0.582,0.002285,1970s
Nicaragua,NIC,2008,0.30567662,0.0394788333333333,0.0085498968,8496946608.23151,North America,6755895,0.473,0.039479,2000s
Qatar,QAT,2017,2.9077692,0.100180027,0.0024172917,161099122225.275,Asia,2760385,1.911,0.10018,2010s
Swaziland,SWZ,1995,0.048724366,0.00161216,0.0015047735,1698982437.76019,Africa,1180655,0.599,0.001612,1990s
Slovenia,SVN,2007,0.14171328,0.0202495853333333,0.0029328209,48006372844.2376,Europe,2117641,2.165,0.02025,2000s
Seychelles,SYC,1985,0.0015103054,0.000150224,3.4239528e-05,168887539.130818,Africa,105530,-0.104,0.00015,1980s
Kenya,KEN,2014,1.7514924,0.0324702083333333,0.06054406,68285768554.472,Africa,51985780,0.93,0.03247,2010s
Antigua and Barbuda,ATG,2000,0.0030756401,0.0002748,7.7849419e-05,826370370.37037,North America,92664,0.333,0.000275,2000s
Algeria,DZA,1962,1.0044657,0.00884869,0.0061780517,2001428328.37091,Africa,43451666,0.183,0.008849,1960s
Mozambique,MOZ,1993,0.46188046,0.032005885,0.028609344,2729550591.08977,Africa,31178239,0.315,0.032006,1990s
Zambia,ZMB,2017,0.68864501,0.0575648483333333,0.050782715,25873601260.8353,Africa,18927715,0.381,0.057565,2010s
British Virgin Islands,VGB,1970,0.00027599819,5.496e-05,9.4731918e-06,114040245.655299,North America,30910,0.022,5.5e-05,1970s
Malawi,MWI,1965,0.057359524,0.025446361,0.0026006091,229455410.891782,Africa,19377061,-0.517,0.025446,1960s
Burundi,BDI,2012,0.1105905,0.0067301033333333,0.0050103461,2333308099.46249,Africa,12220227,1.284,0.00673,2010s
Qatar,QAT,2004,1.344858,0.042729723,0.0010277088,31734065934.0659,Asia,2760385,1.183,0.04273,2000s
Burkina Faso,BFA,2017,0.76302423,0.013788959,0.033209066,14106956830.0857,Africa,21522626,1.186,0.013789,2010s
Bahrain,BHR,2001,0.71936425,0.014077837,0.000481678,8976196808.51064,Asia,1477469,1.152,0.014078,2000s
Cambodia,KHM,1999,0.6949853,0.0257713546666667,0.012723195,3517242477.2285,Asia,16396860,0.322,0.025771,1990s
Cape Verde,CPV,2001,0.0063545326,0.00049464,0.00030715939,563024383.296626,Africa,582640,1.097,0.000495,2000s
Zambia,ZMB,1995,0.51935206,0.040467753,0.044068286,3807067121.8609,Africa,18927715,0.674,0.040468,1990s
Fiji,FJI,1974,0.021271872,0.0017449583333333,0.00088547068,558589870.903674,Oceania,920422,0.216,0.001745,1970s
Uganda,UGA,2002,0.59768004,0.033213101,0.024985161,6178563590.89254,Africa,44404611,0.866,0.033213,2000s
Vanuatu,VUT,1965,0.0051745548,0.001220112,0.00015658796,119258835.335525,Oceania,311685,-0.527,0.00122,1960s
Seychelles,SYC,1979,0.0013907012,0.000120912,2.3775347e-05,127261099.24396,Africa,105530,0.312,0.000121,1970s
Rwanda,RWA,2016,0.1537849,0.0031329453333333,0.0066796631,8690485823.14546,Africa,13146362,1.291,0.003133,2010s
Cambodia,KHM,1990,0.54796545,0.0496130026666667,0.0093819025,2533727592.04165,Asia,16396860,0.574,0.049613,1990s
Somalia,SOM,2002,0.80902131,0.0172330133333333,0.024299258,4574495666.99486,Africa,16537016,0.676,0.017233,2000s
Kiribati,KIR,1997,0.00065115921,2.9312e-05,1.2626776e-05,67537479.5903221,Oceania,126463,0.163,2.9e-05,1990s
Benin,BEN,1978,0.092240621,0.010658576,0.0039417283,928843304.783965,Africa,12643123,-0.042,0.010659,1970s
Panama,PAN,1999,0.12941853,0.0232705006666667,0.0038820477,12130252200.0,North America,4294396,0.028,0.023271,1990s
Syria,SYR,2009,0.79495007,0.0618798066666667,0.021113966,224561692650.334,Asia,20772595,0.603,0.06188,2000s
Ghana,GHA,1987,0.25330505,0.0187867616666667,0.010171283,5074829931.97279,Africa,32180401,0.977,0.018787,1980s
Vanuatu,VUT,1963,0.0046024565,0.0007047093333333,0.00013542038,119258835.335525,Oceania,311685,-0.124,0.000705,1960s
Vanuatu,VUT,2017,0.017301028,-0.000263808,0.00050158332,880043553.748442,Oceania,311685,1.133,-0.000264,2010s
Morocco,MAR,1975,0.502352,0.01956593,0.018006692,8984824182.60333,Africa,36688772,-0.349,0.019566,1970s
Andorra,AND,1977,0.0021610168,0.0,0.00014348413,254020153.340635,Europe,77700,-0.12,0.0,1970s
Morocco,MAR,2015,1.0192065,0.0617072836666667,0.030941381,101179808076.36,Africa,36688772,1.166,0.061707,2010s
Kenya,KEN,1978,0.69413781,0.0212473653333333,0.024896211,5303734882.53447,Africa,51985780,-0.03,0.021247,1970s
Armenia,ARM,2006,0.0642228,0.00744271,0.003173707,6384451606.1421,Asia,2805608,1.602,0.007443,2000s
Zimbabwe,ZWE,2000,0.45658737,0.0382326553333333,0.02001819,6689957600.0,Africa,15669666,-0.152,0.038233,2000s
Malawi,MWI,1993,0.12202248,0.0078828433333333,0.005360089,2070636935.58644,Africa,19377061,0.104,0.007883,1990s
Timor-Leste,TLS,1993,0.020117582,0.0045677866666666,0.00050764428,367087900.0,Asia,1299995,0.71,0.004568,1990s
Mauritius,MUS,1966,0.014215453,0.00025648,0.00052873273,704033525.405972,Africa,1297828,-0.001,0.000256,1960s
Aruba,ABW,1963,0.00063013289,0.000679088,3.5839824e-06,405463417.11746,North America,106585,-0.124,0.000679,1960s
Tunisia,TUN,2008,0.4065672,0.0261896116666667,0.010423698,44860969077.1853,Africa,12161723,1.215,0.02619,2000s
Kuwait,KWT,1973,1.1686815,0.024222704,0.0010205373,5408293998.65138,Asia,4360444,-0.25,0.024223,1970s
Ghana,GHA,1980,0.23568903,0.0134545646666667,0.011198452,4445228215.76763,Africa,32180401,0.473,0.013455,1980s
Dominican Republic,DOM,1992,0.26542531,0.0109067213333333,0.0070330577,11605382504.0,North America,10999664,0.143,0.010907,1990s
Liberia,LBR,1978,0.025583345,0.0047030453333333,0.00086248373,874000000.0,Africa,5087584,0.218,0.004703,1970s
Lithuania,LTU,2003,0.18120339,0.0079538276666666,0.016217728,18781721376.1985,Europe,2820267,0.175,0.007954,2000s
Mali,MLI,1993,0.41497009,0.0269813196666667,0.021493111,2818306753.77878,Africa,21224040,1.072,0.026981,1990s
Cyprus,CYP,1988,0.017122295,0.002585399,0.001089651,4278792597.23965,Europe,1237537,0.028,0.002585,1980s
Gabon,GAB,1996,0.66124701,0.0114104506666667,0.0011432469,5694040336.82571,Africa,2292573,0.068,0.01141,1990s
British Virgin Islands,VGB,1988,0.00033523543,6.5952e-05,1.2443034e-05,114040245.655299,North America,30910,0.513,6.6e-05,1980s
Panama,PAN,2020,0.16761706,0.0165905476666667,0.0047300482,53977036995.1729,North America,4294396,1.565,0.016591,2020s
Uzbekistan,UZB,2018,2.3655428,0.115548113,0.048988552,52633143808.1824,Asia,33526656,1.063,0.115548,2010s
Ecuador,ECU,2010,0.86945068,0.0549898213333333,0.018610534,69555367000.0,South America,17588595,0.946,0.05499,2010s
Estonia,EST,1995,0.10403837,0.014182573,0.0041910928,4502970889.06373,Europe,1329444,1.757,0.014183,1990s
Niger,NER,1986,0.27524549,-0.004560413,0.010577473,1904097020.29333,Africa,24333639,0.716,-0.00456,1980s
Hungary,HUN,1985,0.57334566,0.0825185636666667,0.046144031,34753569692.915,Europe,9750573,-1.057,0.082519,1980s
Brunei Darussalam,BRN,2015,0.20127374,0.007959214,0.00049127154,12930394937.8137,Asia,441725,1.124,0.007959,2010s
Haiti,HTI,1975,0.14625505,0.0008005706666666,0.0039305223,681400000.0,North America,11306801,0.315,0.000801,1970s
Malta,MLT,1998,0.005633119,0.0023914486666666,0.00024393205,4010571223.3396,Europe,515357,0.783,0.002391,1990s
Bahrain,BHR,1983,0.4652818,0.008222016,0.000247173,3735106382.97872,Asia,1477469,-0.879,0.008222,1980s
Israel,ISR,1976,0.1260055,0.0195455983333333,0.0051149346,100605702520.506,Asia,8757489,-0.551,0.019546,1970s
Benin,BEN,1969,0.076773829,0.0132331466666667,0.0034542032,330748211.459737,Africa,12643123,0.356,0.013233,1960s
Bulgaria,BGR,1979,0.63364476,0.079550782,0.032317792,19839230769.2308,Europe,6979175,0.185,0.079551,1970s
Rwanda,RWA,1983,0.074486029,0.0109065066666667,0.0031696047,1479688125.8852,Africa,13146362,0.939,0.010907,1980s
Turks and Caicos Islands,TCA,1967,5.9041478e-05,0.0,7.4896513e-08,358744800.0,North America,44276,0.1864,0.0,1960s
Liberia,LBR,1965,0.020080052,0.0050147946666666,0.00070670315,874000000.0,Africa,5087584,-0.258,0.005015,1960s
Ecuador,ECU,2003,0.76476175,0.0583060593333333,0.016135818,32432858000.0,South America,17588595,0.621,0.058306,2000s
Turkmenistan,TKM,1994,0.72463398,0.043482478,0.00640308,2564705882.35294,Asia,6250438,0.301,0.043482,1990s
Dominica,DMA,2012,0.0021927422,0.00016488,5.7690597e-05,485996296.296296,North America,71995,0.63,0.000165,2010s
Philippines,PHL,1980,2.0366769,0.201980613333333,0.025511334,36848242783.8987,Asia,112190977,0.105,0.201981,1980s
Finland,FIN,1978,0.74644627,0.0495411216666667,0.024238565,36256160288.8087,Europe,5529468,-0.523,0.049541,1970s
Cyprus,CYP,1983,0.015400345,0.0015636146666666,0.000916573,2160364071.19021,Europe,1237537,-0.799,0.001564,1980s
Mexico,MEX,1976,3.3236001,0.214382828333333,0.10082558,89025974025.974,North America,125998302,-0.471,0.214383,1970s
Hungary,HUN,2007,0.37156581,0.0527889746666667,0.026866757,140227560615.121,Europe,9750573,2.152,0.052789,2000s
Mauritius,MUS,1962,0.011850019,0.000216176,0.00054433771,704033525.405972,Africa,1297828,-0.098,0.000216,1960s
Chile,CHL,1986,0.73981438,0.028498641,0.014448974,18891048818.7425,South America,19300315,0.036,0.028499,1980s
Brunei Darussalam,BRN,1978,0.16417129,0.0101688213333333,0.00023563201,1941600703.60598,Asia,441725,0.153,0.010169,1970s
Montenegro,MNE,2013,0.031056727,0.000795088,0.00075177923,4464260488.58205,Europe,629048,1.459,0.000795,2010s
Nigeria,NGA,1971,4.970236,0.116828850333333,0.036759482,9181769911.50443,Africa,208327405,-0.079,0.116829,1970s
Saudi Arabia,SAU,1969,0.68964108,0.0356984176666667,0.0042298553,4485777644.44444,Asia,35997107,0.507,0.035698,1960s
Malaysia,MYS,1978,0.45896312,0.139238257333333,0.018001096,16358376511.2263,Asia,33199993,0.241,0.139238,1970s
Singapore,SGP,1977,0.042706132,0.0277462506666667,0.0047157634,6618585073.66035,Asia,5909869,0.101,0.027746,1970s
Nepal,NPL,1976,0.59772407,0.023914639,0.010762689,1452792989.10865,Asia,29348627,0.052,0.023915,1970s
Fiji,FJI,2005,0.038059037,0.0014167466666666,0.0013289961,2980484920.16558,Oceania,920422,0.804,0.001417,2000s
Qatar,QAT,2013,2.8532252,0.084026192,0.0019244329,198727642967.033,Asia,2760385,1.213,0.084026,2010s
Niger,NER,2006,0.57619516,0.0102017106666667,0.024159791,4756361479.98873,Africa,24333639,1.22,0.010202,2000s
Cuba,CUB,2014,0.56130468,0.0192787606666667,0.015248729,80656000000.0,North America,11300698,0.972,0.019279,2010s
Rwanda,RWA,1969,0.057346844,0.008815584,0.0026512919,188700037.0,Africa,13146362,0.178,0.008816,1960s
Paraguay,PRY,1997,0.66472193,0.091770851,0.020747547,9965225678.05093,South America,6618695,0.994,0.091771,1990s
Colombia,COL,2008,3.0091818,0.0997604026666667,0.070881799,242186950900.775,South America,50930662,0.502,0.09976,2000s
Uzbekistan,UZB,2019,2.4248598,0.117906359666667,0.049388648,59907674027.4676,Asia,33526656,1.941,0.117906,2010s
Nicaragua,NIC,2016,0.39711648,0.0237139326666667,0.011581852,13286083644.8761,North America,6755895,1.363,0.023714,2010s
Vanuatu,VUT,2001,0.012400579,0.001443616,0.00035938637,257926881.72043,Oceania,311685,0.563,0.001444,2000s
Benin,BEN,1993,0.13860478,0.018174782,0.005954244,2274557914.07481,Africa,12643123,0.558,0.018175,1990s
Cameroon,CMR,1966,0.1745661,0.0403308693333333,0.0087256565,851112662.733069,Africa,26491087,-0.006,0.040331,1960s
Turks and Caicos Islands,TCA,1968,5.9425377e-05,0.0,7.8758146e-08,358744800.0,North America,44276,0.11480000000000001,0.0,1960s
Iraq,IRQ,1988,4.0971637,0.0663091336666667,0.016990374,62684516129.0323,Asia,42556984,0.104,0.066309,1980s
Oman,OMN,1984,0.35039177,0.0081389653333333,0.0011671926,8821366531.55762,Asia,4543399,-0.484,0.008139,1980s
Qatar,QAT,2002,1.1512892,0.040720937,0.00096422956,19363736263.7363,Asia,2760385,1.401,0.040721,2000s
Ghana,GHA,1997,0.34266311,0.0545085373333333,0.013858485,6891308593.75,Africa,32180401,0.427,0.054509,1990s
Liechtenstein,LIE,1968,0.00057501212,0.0,1.7777032e-05,90098330.6654471,Europe,38756,0.013,0.0,1960s
Colombia,COL,2010,3.1521215,0.104588930666667,0.072925938,286563105192.457,South America,50930662,1.146,0.104589,2010s
Central African Republic,CAF,1965,0.18980879,0.009431136,0.015442833,150574816.300764,Africa,5343020,-0.035,0.009431,1960s
United Arab Emirates,ARE,1990,0.8921409,0.0509831873333333,0.002713353,50701443748.2975,Asia,9287289,0.215,0.050983,1990s
Ecuador,ECU,1965,0.2225532,0.0326241703333333,0.0060947079,2387048255.45173,South America,17588595,0.28,0.032624,1960s
Turks and Caicos Islands,TCA,1997,0.00028815914,8.4272e-05,3.664816e-07,358744800.0,North America,44276,0.194,8.4e-05,1990s
Nepal,NPL,1981,0.66762724,0.016354946,0.012068693,2275583316.66667,Asia,29348627,0.007,0.016355,1980s
Equatorial Guinea,GNQ,2004,0.41466985,0.0134920693333333,0.0001688587,4410764338.66733,Africa,1596049,0.762,0.013492,2000s
Mozambique,MOZ,1964,0.33196199,0.0242940196666667,0.01919455,3633406064.83095,Africa,31178239,-0.188,0.024294,1960s
Hungary,HUN,1978,0.58634367,0.0846543506666667,0.048428044,34753569692.915,Europe,9750573,-0.864,0.084654,1970s
Finland,FIN,2007,0.76958431,0.0796449016666667,0.027290562,256052559540.104,Europe,5529468,1.948,0.079645,2000s
Gabon,GAB,1980,0.30603158,0.0123649176666667,0.00087226366,4279637933.85136,Africa,2292573,0.32,0.012365,1980s
Kiribati,KIR,1965,0.00030324747,1.0992e-05,7.7337488e-06,14295279.5446937,Oceania,126463,-0.348,1.1e-05,1960s
Sri Lanka,LKA,2016,0.44248965,0.029435608,0.0088345813,82401038709.5356,Asia,21715079,1.203,0.029436,2010s
Iceland,ISL,1998,0.021952782,0.0027630506666666,0.0013252363,8503693098.62271,Europe,366669,0.108,0.002763,1990s
Lebanon,LBN,2016,0.1404388,0.02660377,0.0043087518,51389318290.8642,Asia,5662923,1.67,0.026604,2010s
El Salvador,SLV,1974,0.11978717,0.0072584163333333,0.0040986091,1665880000.0,North America,6292731,-0.338,0.007258,1970s
Mauritius,MUS,2019,0.023078534,0.004649616,0.0011344052,14045808843.221,Africa,1297828,1.355,0.00465,2010s
Iraq,IRQ,1963,1.5806766,0.0126321106666667,0.0091753589,1978437692.5231,Asia,42556984,0.468,0.012632,1960s
Myanmar,MMR,1972,1.475033,0.0640434753333333,0.029915687,634525053.103964,Asia,53423198,0.003,0.064043,1970s
Ecuador,ECU,1962,0.20135716,0.0468995593333333,0.0055052024,1518208221.23052,South America,17588595,-0.196,0.0469,1960s
Mauritania,MRT,1978,0.12916706,-0.0006021173333333,0.0050639351,804629876.770723,Africa,4498604,0.512,-0.000602,1970s
Angola,AGO,1975,0.63546172,0.0249760643333333,0.031383353,5934073603.54849,Africa,33428485,-0.04,0.024976,1970s
Lesotho,LSO,1971,0.045221461,0.00095264,0.0022041432,76482102.9082774,Africa,2254100,-0.061,0.000953,1970s
British Virgin Islands,VGB,1993,0.00036213206,8.7936e-05,1.2036665e-05,114040245.655299,North America,30910,0.51,8.8e-05,1990s
Jamaica,JAM,1961,0.098069925,0.0050469086666666,0.0013885013,748028839.423211,North America,2820436,-0.004,0.005047,1960s
Mongolia,MNG,1994,0.37290243,0.015449252,0.027676331,925817092.217484,Asia,3294335,1.338,0.015449,1990s
Andorra,AND,2002,0.0036269718,0.0005496,0.00018117335,1755910031.99699,Europe,77700,0.822,0.00055,2000s
Angola,AGO,1988,0.82894572,0.0188381593333333,0.023258705,8775116269.16722,Africa,33428485,0.478,0.018838,1980s
Albania,ALB,2008,0.11005555,0.0055450963333333,0.0039648766,12881353507.8539,Europe,2866849,1.024,0.005545,2000s
Mexico,MEX,1973,2.9299082,0.171660561333333,0.085983086,55280000000.0,North America,125998302,-0.154,0.171661,1970s
Bulgaria,BGR,1986,0.63425734,0.0910745623333333,0.03208935,20249294117.6471,Europe,6979175,0.383,0.091075,1980s
Latvia,LVA,2001,0.081476685,0.0015484296666666,0.0053848326,8362398701.58943,Europe,1897052,1.8,0.001548,2000s
Mauritius,MUS,1976,0.017363789,0.000600896,0.00062997622,704033525.405972,Africa,1297828,0.099,0.000601,1970s
United Arab Emirates,ARE,1986,0.60892606,0.0460652326666667,0.002143701,33943612094.7971,Asia,9287289,0.159,0.046065,1980s
Pakistan,PAK,1999,4.6639449,0.116048311666667,0.13208466,62973855718.8874,Asia,227196741,0.814,0.116048,1990s
Cape Verde,CPV,1972,0.0027380072,5.1266e-05,8.655024e-05,142246875.536716,Africa,582640,0.276,5.1e-05,1970s
Uganda,UGA,1974,0.3114438,0.0398571233333333,0.015095664,2100142653.35235,Africa,44404611,-0.082,0.039857,1970s
New Zealand,NZL,1996,1.3367995,0.0149905173333333,0.050337186,70140835299.0148,Oceania,5061133,0.246,0.014991,1990s
Antigua and Barbuda,ATG,1964,0.0017675835,0.00023816,4.4063862e-05,77496753.7037037,North America,92664,0.068,0.000238,1960s
Mozambique,MOZ,1979,0.48453712,0.016264648,0.030569949,3633406064.83095,Africa,31178239,0.085,0.016265,1970s
Tajikistan,TJK,2005,0.1457804,0.0039539403333333,0.0036949017,2312327536.41789,Asia,9543207,0.782,0.003954,2000s
Panama,PAN,2017,0.15999061,0.0164504626666667,0.0045060531,62202725204.4646,North America,4294396,0.887,0.01645,2010s
Tajikistan,TJK,2002,0.12535929,0.0030008696666666,0.0033901303,1221120798.81336,Asia,9543207,1.255,0.003001,2000s
Mali,MLI,1962,0.29526687,0.0001636586666666,0.015385836,275494520.141999,Africa,21224040,-0.153,0.000164,1960s
Bulgaria,BGR,1970,0.54636231,0.064178453,0.027589756,19839230769.2308,Europe,6979175,0.218,0.064178,1970s
Colombia,COL,2014,3.013843,0.180847748,0.066778396,381112119657.446,South America,50930662,0.973,0.180848,2010s
Dominica,DMA,1989,0.001983891,4.64106666666667e-05,8.1571405e-05,185137242.962963,North America,71995,-0.045,4.6e-05,1980s
Morocco,MAR,1979,0.52073768,0.0255842196666667,0.01813727,15912133569.2852,Africa,36688772,0.365,0.025584,1970s
Austria,AUT,1995,0.49540046,0.0560599786666667,0.016761248,241038283062.645,Europe,8907777,0.947,0.05606,1990s
Cambodia,KHM,2016,0.89977031,0.0528256586666667,0.015338081,20016747754.0192,Asia,16396860,1.462,0.052826,2010s
Liechtenstein,LIE,2005,0.00094370436,0.000228986,2.4202612e-05,3659251525.8593,Europe,38756,0.668,0.000229,2000s
Nicaragua,NIC,1993,0.24994971,0.0293105046666667,0.0068334117,1756454248.36601,North America,6755895,0.321,0.029311,1990s
Swaziland,SWZ,1996,0.050287032,0.0013495733333333,0.0015128317,1602760100.48147,Africa,1180655,-0.038,0.00135,1990s
Argentina,ARG,1977,4.6171327,0.126171138,0.13110879,56781000100.9448,South America,45036032,0.382,0.126171,1970s
Costa Rica,CRI,1977,0.14738145,0.0299897123333333,0.0049673244,3072427012.83547,North America,5123105,0.414,0.02999,1970s
United Arab Emirates,ARE,1994,1.0719644,0.071798702,0.003613874,59305093979.842,Asia,9287289,0.388,0.071799,1990s
Djibouti,DJI,2020,0.041963102,0.0003877336666666,0.00097421696,3384385216.71609,Africa,1090156,1.005,0.000388,2020s
Solomon Islands,SLB,1986,0.0041024769,0.0010210346666666,9.1684635e-05,147573930.536615,Oceania,691191,-0.287,0.001021,1980s
Liechtenstein,LIE,1992,0.0010531144,0.00020695,2.6340556e-05,1631197909.259,Europe,38756,1.102,0.000207,1990s
Barbados,BRB,2014,0.007246089,0.0012406053333333,0.00024501843,4696500000.0,North America,280693,0.797,0.001241,2010s
Angola,AGO,2012,2.1293425,0.157871453666667,0.060255422,128052853643.106,Africa,33428485,0.275,0.157871,2010s
Tunisia,TUN,1993,0.27307559,0.0163281683333333,0.0088878593,14608946896.483,Africa,12161723,0.488,0.016328,1990s
Latvia,LVA,2005,0.09036373,0.0102897776666667,0.0055966894,17003459863.0989,Europe,1897052,1.352,0.01029,2000s
Cape Verde,CPV,2003,0.0057634889,0.000523952,0.00030712859,813963830.179217,Africa,582640,1.328,0.000524,2000s
Angola,AGO,2011,2.1240789,0.170050275333333,0.063331579,111789686464.441,Africa,33428485,0.604,0.17005,2010s
Andorra,AND,1969,0.0016668344,1.832e-05,0.00010478085,78619206.0850963,Europe,77700,-0.165,1.8e-05,1960s
Fiji,FJI,1999,0.03828471,0.001819027,0.0013523508,1936484565.39399,Oceania,920422,0.679,0.001819,1990s
Bulgaria,BGR,1961,0.48353622,0.0292304266666667,0.017829206,19839230769.2308,Europe,6979175,0.87,0.02923,1960s
Somalia,SOM,1964,0.42719416,0.002553808,0.015080632,229529912.668035,Africa,16537016,0.03,0.002554,1960s
Sao Tome and Principe,STP,1991,0.0012870494,0.000102592,2.7691278e-05,75951210.6852445,Africa,218641,-0.09133333333333332,0.000103,1990s
Cape Verde,CPV,1996,0.0051896077,0.000436016,0.00020700433,501979069.274683,Africa,582640,1.366,0.000436,1990s
Malawi,MWI,2001,0.14448326,0.0189641,0.0053359604,1716502862.2954,Africa,19377061,0.654,0.018964,2000s
Marshall Islands,MHL,2020,0.0,0.000154682,0.0,244462400.0,Oceania,43413,1.123,0.000155,2020s
Austria,AUT,1969,0.53808404,0.0360890736666667,0.021293451,13582798556.2404,Europe,8907777,-0.123,0.036089,1960s
Peru,PER,1971,0.7956828,0.072817918,0.021726408,8289582883.50129,South America,33304756,-0.473,0.072818,1970s
Romania,ROU,1977,1.6259043,0.183108601333333,0.069839269,38413636363.6364,Europe,19442038,0.546,0.183109,1970s
Turkmenistan,TKM,1993,1.0831602,0.0380198626666667,0.006397582,3340000000.0,Asia,6250438,-0.129,0.03802,1990s
Cape Verde,CPV,1999,0.0058875022,0.000326096,0.00029328303,592416703.058878,Africa,582640,0.562,0.000326,1990s
Liberia,LBR,1987,0.034276103,0.0054972353333333,0.0010723489,874000000.0,Africa,5087584,0.931,0.005497,1980s
Slovenia,SVN,2000,0.13986243,0.0145529433333333,0.0030996659,20289627636.6767,Europe,2117641,1.784,0.014553,2000s
Samoa,WSM,1983,0.0045686958,0.0004934186666666,0.0001063013,111862823.574979,Oceania,214929,0.293,0.000493,1980s
Samoa,WSM,1980,0.0041585191,0.000736464,0.00010607186,121221651.619316,Oceania,214929,0.239,0.000736,1980s
Trinidad and Tobago,TTO,2015,0.65540584,0.0451688563333333,0.001118305,24959858249.4433,North America,1518147,1.428,0.045169,2010s
Bangladesh,BGD,1991,2.7020081,0.0232668896666667,0.061678209,30957483949.5798,Asia,167420951,0.125,0.023267,1990s
Nicaragua,NIC,1981,0.18767207,0.0249493606666667,0.0058914534,2448290109.65,North America,6755895,0.227,0.024949,1980s
Samoa,WSM,1970,0.0032381981,0.0004201386666666,7.9256557e-05,121221651.619316,Oceania,214929,0.189,0.00042,1970s
Sweden,SWE,1998,0.54939053,0.060835146,0.022677241,270809066780.714,Europe,10368969,0.561,0.060835,1990s
Lithuania,LTU,1999,0.18968926,0.018685855,0.014519766,10971583944.7561,Europe,2820267,1.471,0.018686,1990s
Lithuania,LTU,2010,0.16922455,0.0158396796666667,0.017746073,37128694028.243,Europe,2820267,0.723,0.01584,2010s
Sao Tome and Principe,STP,1984,0.00096673836,0.000124576,1.9890322e-05,75951210.6852445,Africa,218641,0.375,0.000125,1980s
Cameroon,CMR,1984,0.64117175,0.0389434346666667,0.013251159,7311937457.41855,Africa,26491087,0.176,0.038943,1980s
Switzerland,CHE,1963,0.24167721,0.0286062533333333,0.0086598854,13063643795.7884,Europe,8638613,-0.859,0.028606,1960s
Swaziland,SWZ,1988,0.044630312,0.001791696,0.0013999352,692016714.317132,Africa,1180655,0.648,0.001792,1980s
Brunei Darussalam,BRN,2012,0.22722255,0.0106112343333333,0.00051999295,19047940300.8963,Asia,441725,0.768,0.010611,2010s
Tajikistan,TJK,1996,0.1235203,0.004362678,0.0037311321,1043654822.33503,Asia,9543207,-0.443,0.004363,1990s
Malta,MLT,2008,0.0079265615,0.0026910406666666,0.00022912445,9090406767.24769,Europe,515357,1.169,0.002691,2000s
Denmark,DNK,1987,0.39035749,0.056734314,0.026263747,109414423928.775,Europe,5825641,-0.99,0.056734,1980s
Portugal,PRT,1986,0.41521877,0.0311127143333333,0.014934384,38745901353.7059,Europe,10298192,0.055,0.031113,1980s
Timor-Leste,TLS,1988,0.014607602,0.00326096,0.00033258759,367087900.0,Asia,1299995,-0.24450000000000005,0.003261,1980s
Cape Verde,CPV,1973,0.0026391402,6.2229e-05,8.531623e-05,142246875.536716,Africa,582640,0.622,6.2e-05,1970s
Andorra,AND,1997,0.0034092567,0.000501968,0.00023954096,1180597272.72727,Europe,77700,1.79,0.000502,1990s
Mauritania,MRT,1967,0.16267558,-0.003246304,0.0068746013,282615367.46488,Africa,4498604,-0.21,-0.003246,1960s
Norway,NOR,1969,0.28240651,0.022926566,0.03092192,11063065083.4888,Europe,5379839,-0.167,0.022927,1960s
Armenia,ARM,2012,0.060447324,0.0072260653333333,0.0032551306,10619320048.5857,Asia,2805608,1.342,0.007226,2010s
Austria,AUT,1973,0.54709369,0.0508310993333333,0.021915227,29515467706.796,Europe,8907777,-0.038,0.050831,1970s
Niger,NER,1997,0.42700981,0.0186240836666667,0.016487342,2290318800.33457,Africa,24333639,0.734,0.018624,1990s
Sao Tome and Principe,STP,1973,0.0007164117,3.2976e-05,1.5074487e-05,75951210.6852445,Africa,218641,0.467,3.3e-05,1970s
Mali,MLI,1968,0.34807995,0.000747456,0.017938979,343771964.662167,Africa,21224040,-0.265,0.000747,1960s
Jordan,JOR,1984,0.045568658,0.0088086853333333,0.0022126515,4966710013.0039,Asia,10928721,-0.249,0.008809,1980s
Central African Republic,CAF,1982,0.29991947,0.0097914293333333,0.022721114,748312283.726758,Africa,5343020,0.021,0.009791,1980s
Austria,AUT,1974,0.55236925,0.047804403,0.022337605,35189299911.6608,Europe,8907777,0.308,0.047804,1970s
Dominican Republic,DOM,1964,0.15190936,0.0143750966666667,0.003491636,1025599900.0,North America,10999664,0.213,0.014375,1960s
Norway,NOR,1968,0.28675476,0.022212889,0.02996255,10159934136.7838,Europe,5379839,-0.933,0.022213,1960s
Portugal,PRT,2005,0.42967149,0.0649059336666667,0.013231488,197180330804.626,Europe,10298192,0.937,0.064906,2000s
Norway,NOR,2008,0.90728696,0.0463827333333333,0.014398787,462250000000.0,Europe,5379839,1.62,0.046383,2000s
Kenya,KEN,1976,0.62987484,0.022329924,0.022098659,3474542392.03212,Africa,51985780,0.22,0.02233,1970s
New Zealand,NZL,1973,1.2727872,0.0467184713333333,0.050856979,12802281897.8712,Oceania,5061133,0.185,0.046718,1970s
Madagascar,MDG,2001,0.74078212,0.0801696726666667,0.025772007,5438332738.10373,Africa,28225177,0.705,0.08017,2000s
Greece,GRC,2012,0.51648798,0.0866049623333333,0.017453042,242043151399.458,Europe,10512232,1.286,0.086605,2010s
Jordan,JOR,2014,0.19172998,0.026558358,0.0054003733,36847643521.1268,Asia,10928721,0.796,0.026558,2010s
Malaysia,MYS,1983,0.63676455,0.135889320333333,0.019910458,30346788437.5135,Asia,33199993,0.675,0.135889,1980s
Finland,FIN,1975,0.72016594,0.0461111683333333,0.025815653,29472623242.2822,Europe,5529468,1.892,0.046111,1970s
Cyprus,CYP,1979,0.014140005,0.0010424563333333,0.00081036,1288715209.58084,Europe,1237537,0.607,0.001042,1970s
Qatar,QAT,1999,1.1028997,0.030773937,0.00086785401,12393131868.1319,Asia,2760385,1.66,0.030774,1990s
Mauritius,MUS,1998,0.021748445,0.002150768,0.0010771974,4169664285.38681,Africa,1297828,0.935,0.002151,1990s
Antigua and Barbuda,ATG,2008,0.0030878866,0.000417696,9.232882e-05,1370070370.37037,North America,92664,0.249,0.000418,2000s
Syria,SYR,1965,0.16661503,0.002756258,0.0053591644,1329842434.55497,Asia,20772595,-0.174,0.002756,1960s
South Africa,ZAF,1965,1.228161,0.166514331333333,0.053080306,11334395471.0023,Africa,58801927,-0.034,0.166514,1960s
Antigua and Barbuda,ATG,1994,0.0029858049,0.000197856,6.4841891e-05,589429629.62963,North America,92664,0.471,0.000198,1990s
Morocco,MAR,1984,0.51090563,0.0283685396666667,0.015827426,14824728528.4604,Africa,36688772,0.085,0.028369,1980s
Morocco,MAR,1973,0.49475027,0.0183084863333333,0.018277509,6242177798.33938,Africa,36688772,-0.015,0.018308,1970s
Denmark,DNK,2014,0.34699447,0.0382616936666667,0.018723687,352993631617.708,Europe,5825641,2.678,0.038262,2010s
Turkmenistan,TKM,2000,1.0417017,0.047615474,0.00793958,2904732773.48312,Asia,6250438,1.34,0.047615,2000s
Guinea-Bissau,GNB,2016,0.07326856,0.001659792,0.0027048374,1179004941.22904,Africa,2015828,1.625,0.00166,2010s
Sweden,SWE,2020,0.39534965,0.046810941,0.021025946,541220059459.25,Europe,10368969,2.949,0.046811,2020s
Samoa,WSM,1976,0.0037826168,0.0006424213333333,9.814215e-05,121221651.619316,Oceania,214929,-0.363,0.000642,1970s
Turkmenistan,TKM,2015,1.7609191,0.076553217,0.01360627,35799714285.7143,Asia,6250438,1.438,0.076553,2010s
Kazakhstan,KAZ,1999,1.1585858,0.125859036333333,0.025458234,16870821839.7584,Asia,18979243,1.377,0.125859,1990s
Finland,FIN,1961,0.54651342,0.023861857,0.018742757,5921659485.03284,Europe,5529468,1.892,0.023862,1960s
Barbados,BRB,2005,0.0081045453,0.0012947253333333,0.00023558231,3819500000.0,North America,280693,1.289,0.001295,2000s
Central African Republic,CAF,1963,0.18716984,0.0097340266666666,0.015288224,129379097.888958,Africa,5343020,0.03,0.009734,1960s
Trinidad and Tobago,TTO,2008,0.68589115,0.0436071826666667,0.0009979645,27871587349.5413,North America,1518147,0.887,0.043607,2000s
Guyana,GUY,1968,0.064079461,0.0064840586666666,0.0022781776,229750000.0,South America,797202,-0.302,0.006484,1960s
Kuwait,KWT,2004,1.1323361,0.063145563,0.0025014958,59439090600.6108,Asia,4360444,1.354,0.063146,2000s
